pt_ms,pt_tf,ms_tf
1.095207,-100,-100
2.0709674,-100,-100
5.7013335,-100,-100
1.7627927,-100,-100
2.4406815,-100,-100
2.046831,-100,-100
0.98936534,-100,-100
1.785103,-100,-100
2.6441345,-100,-100
2.6989055,-100,-100
