pt_ms,pt_tf,ms_tf
9.902304e-06,1.0079208e-05,1.5927813e-05
7.2939592e-06,5.019752e-06,4.71883e-06
7.2939592e-06,5.019752e-06,4.71883e-06
7.2939592e-06,5.019752e-06,4.71883e-06
7.2939592e-06,5.019752e-06,4.71883e-06
7.2939592e-06,5.019752e-06,4.71883e-06
7.2939592e-06,5.019752e-06,4.71883e-06
7.2939592e-06,5.019752e-06,4.71883e-06
7.2939592e-06,5.019752e-06,4.71883e-06
7.2939592e-06,5.019752e-06,4.71883e-06
