pt_ms,pt_tf,ms_tf
4.950167e-05,-100,-100
3.6580623e-05,-100,-100
2.095325e-05,-100,-100
2.2614504e-05,-100,-100
2.2964829e-05,-100,-100
0.00011160035,-100,-100
9.114999e-05,-100,-100
1.5240309e-05,-100,-100
1.656488e-05,-100,-100
8.394015e-06,-100,-100
