pt_ms,pt_tf,ms_tf
0.63388896,0.0010786534,0.63388807
0.2870834,0.0005849719,0.28726712
0.5363616,0.0008124709,0.5360623
0.22569059,0.00048183798,0.22590958
0.27552876,0.0026717365,0.2757352
0.27653998,0.0007340908,0.27726525
0.21991448,0.00070962904,0.22028378
0.1665227,0.00027400107,0.16668966
0.124646194,0.0005409658,0.12455399
0.04066735,0.00021294356,0.04064265
