pt_ms,pt_tf,ms_tf
0.00015797818,-100,-100
0.00017755058,-100,-100
9.606549e-05,-100,-100
7.973618e-05,-100,-100
0.00013790152,-100,-100
1.6458513e-05,-100,-100
0.000108371576,-100,-100
0.00013722271,-100,-100
4.5092966e-06,-100,-100
4.5092966e-06,-100,-100
