pt_ms,pt_tf,ms_tf
2.3993946e-06,-100,-100
3.464907e-06,-100,-100
4.0878203e-06,-100,-100
4.309942e-06,-100,-100
5.3961708e-06,-100,-100
5.3647013e-06,-100,-100
5.345591e-06,-100,-100
6.5682807e-06,-100,-100
6.7634924e-06,-100,-100
6.1863466e-06,-100,-100
