pt_ms,pt_tf,ms_tf
9.093098e-05,-100,-100
8.563271e-05,-100,-100
5.3366246e-05,-100,-100
5.336621e-05,-100,-100
5.3366195e-05,-100,-100
5.336622e-05,-100,-100
5.3366224e-05,-100,-100
5.336621e-05,-100,-100
5.3366206e-05,-100,-100
5.336622e-05,-100,-100
