pt_ms,pt_tf,ms_tf
1.6868722,-100,-100
0.97248626,-100,-100
0.97248626,-100,-100
0.97248626,-100,-100
0.83206147,-100,-100
0.2939855,-100,-100
8.487701e-06,-100,-100
8.487701e-06,-100,-100
8.487701e-06,-100,-100
7.599592e-08,-100,-100
