pt_ms,pt_tf,ms_tf
0.27248788,-100,-100
0.66122603,-100,-100
0.41949815,-100,-100
0.42776862,-100,-100
0.5282309,-100,-100
0.40535122,-100,-100
0.33426476,-100,-100
0.26751024,-100,-100
0.20404413,-100,-100
0.04698941,-100,-100
