pt_ms,pt_tf,ms_tf
0.33622855,-100,-100
0.3182315,-100,-100
0.3269015,-100,-100
0.32702643,-100,-100
0.32702643,-100,-100
0.32702643,-100,-100
0.32702643,-100,-100
0.32702643,-100,-100
0.32702643,-100,-100
0.32702643,-100,-100
0.32702643,-100,-100
0.32702643,-100,-100
0.32702643,-100,-100
0.32702643,-100,-100
0.32702643,-100,-100
0.32702643,-100,-100
0.32702643,-100,-100
0.32702643,-100,-100
0.32702643,-100,-100
0.32702643,-100,-100
