pt_ms,pt_tf,ms_tf
1.7867036e-05,-100,-100
1.1612272e-05,-100,-100
4.4541944e-06,-100,-100
4.4541944e-06,-100,-100
4.4541944e-06,-100,-100
4.4541944e-06,-100,-100
4.4541944e-06,-100,-100
4.4541944e-06,-100,-100
4.4541944e-06,-100,-100
4.4541944e-06,-100,-100
4.4541944e-06,-100,-100
4.4541944e-06,-100,-100
4.4541944e-06,-100,-100
4.4541944e-06,-100,-100
4.4541944e-06,-100,-100
4.4541944e-06,-100,-100
4.4541944e-06,-100,-100
4.4541944e-06,-100,-100
4.4541944e-06,-100,-100
4.4541944e-06,-100,-100
