pt_ms,pt_tf,ms_tf
0.19279934,-100,-100
0.073655486,-100,-100
0.00017767846,-100,-100
5.7026746e-06,-100,-100
5.7026746e-06,-100,-100
5.7026746e-06,-100,-100
5.7026746e-06,-100,-100
5.7026746e-06,-100,-100
5.7026746e-06,-100,-100
5.7026746e-06,-100,-100
5.7026746e-06,-100,-100
5.7026746e-06,-100,-100
5.7026746e-06,-100,-100
5.7026746e-06,-100,-100
5.7026746e-06,-100,-100
5.7026746e-06,-100,-100
5.7026746e-06,-100,-100
5.7026746e-06,-100,-100
5.7026746e-06,-100,-100
5.7026746e-06,-100,-100
