pt_ms,pt_tf,ms_tf
0.8942202,-100,-100
0.5987526,-100,-100
0.30113277,-100,-100
0.58086735,-100,-100
0.14556539,-100,-100
0.18066949,-100,-100
0.36149514,-100,-100
0.23168989,-100,-100
0.33163193,-100,-100
0.12797669,-100,-100
0.19657637,-100,-100
0.13082762,-100,-100
0.18384852,-100,-100
0.26876315,-100,-100
0.13030766,-100,-100
0.24791805,-100,-100
0.23189956,-100,-100
0.20960596,-100,-100
0.18435678,-100,-100
0.17778793,-100,-100
