pt_ms,pt_tf,ms_tf
55220.23,-100,-100
746057860.0,-100,-100
136436610000000.0,-100,-100
7.8685785e+18,-100,-100
7.341514e+17,-100,-100
6.267773e+16,-100,-100
1.6954696e+20,-100,-100
4.381809e+19,-100,-100
8.53064e+21,-100,-100
9.869792e+22,-100,-100
1.0845144e+26,-100,-100
3.982036e+25,-100,-100
6.1761477e+26,-100,-100
1.5860044e+25,-100,-100
1.4345516e+25,-100,-100
1.0933772e+26,-100,-100
7.9982485e+26,-100,-100
1.4974108e+26,-100,-100
9.888621e+26,-100,-100
7.121333e+27,-100,-100
