pt_ms,pt_tf,ms_tf
4.740705e-05,-100,-100
5.863638e-05,-100,-100
5.8636422e-05,-100,-100
6.0201193e-05,-100,-100
4.740707e-05,-100,-100
6.0544393e-05,-100,-100
5.1520474e-05,-100,-100
5.729167e-05,-100,-100
5.643255e-05,-100,-100
6.05444e-05,-100,-100
5.601561e-05,-100,-100
5.6015593e-05,-100,-100
5.6015593e-05,-100,-100
5.152047e-05,-100,-100
4.7407077e-05,-100,-100
5.6432582e-05,-100,-100
5.7291672e-05,-100,-100
5.6015608e-05,-100,-100
5.60156e-05,-100,-100
5.8636397e-05,-100,-100
