pt_ms,pt_tf,ms_tf
8.632824e-05,-100,-100
5.9683858e-05,-100,-100
8.3996696e-05,-100,-100
5.9683844e-05,-100,-100
8.632823e-05,-100,-100
8.632824e-05,-100,-100
7.228132e-05,-100,-100
5.152046e-05,-100,-100
5.1520452e-05,-100,-100
5.9683836e-05,-100,-100
4.473079e-05,-100,-100
4.4730798e-05,-100,-100
8.632823e-05,-100,-100
8.632824e-05,-100,-100
4.47308e-05,-100,-100
7.228132e-05,-100,-100
5.9683833e-05,-100,-100
5.9683825e-05,-100,-100
5.968385e-05,-100,-100
8.39967e-05,-100,-100
