pt_ms,pt_tf,ms_tf
5.706156,-100,-100
5.706156,-100,-100
1.0421811,-100,-100
1.0421811,-100,-100
5.706156,-100,-100
1.0421811,-100,-100
1.0421811,-100,-100
1.0421811,-100,-100
1.0421811,-100,-100
1.7542229,-100,-100
1.7542229,-100,-100
1.7542229,-100,-100
5.706156,-100,-100
5.706156,-100,-100
1.0421811,-100,-100
5.706156,-100,-100
5.706156,-100,-100
1.0421811,-100,-100
5.706156,-100,-100
1.0421811,-100,-100
