pt_ms,pt_tf,ms_tf
0.9370249,-100,-100
1.5039951,-100,-100
1.2809501,-100,-100
0.56093574,-100,-100
0.56093574,-100,-100
0.8510491,-100,-100
0.53583217,-100,-100
0.6708039,-100,-100
0.6708039,-100,-100
0.56093574,-100,-100
0.9932178,-100,-100
0.9932178,-100,-100
0.9932178,-100,-100
0.9932178,-100,-100
0.56093574,-100,-100
0.56093574,-100,-100
0.56093574,-100,-100
1.1864868,-100,-100
1.2809501,-100,-100
0.9932178,-100,-100
