pt_ms,pt_tf,ms_tf
2.87031e-05,6.2469503e-06,3.1844324e-05
6.2180814e-05,2.3519471e-05,6.2064355e-05
0.00022133181,0.00017092658,0.00012429364
0.000109590386,7.915017e-05,7.451844e-05
6.8518835e-05,3.3757766e-05,6.270988e-05
2.0691596e-05,2.7494789e-05,3.1405634e-05
9.701962e-05,0.00015424786,0.00014931703
0.00020442801,0.0001686434,0.00018128894
6.6589935e-05,0.0003385587,0.00036374613
4.266248e-05,0.00016617606,0.00017157452
