pt_ms,pt_tf,ms_tf
7.084843e-05,-100,-100
4.938308e-05,-100,-100
1.5874823e-05,-100,-100
1.0976008e-05,-100,-100
6.100926e-06,-100,-100
6.856817e-06,-100,-100
6.6956645e-06,-100,-100
1.0468142e-05,-100,-100
7.593212e-06,-100,-100
7.647279e-06,-100,-100
