pt_ms,pt_tf,ms_tf
7.9790276e-05,-100,-100
6.800109e-05,-100,-100
7.038266e-05,-100,-100
4.4025277e-05,-100,-100
7.770449e-05,-100,-100
8.2227314e-05,-100,-100
3.6592293e-05,-100,-100
0.00019582902,-100,-100
5.9130484e-06,-100,-100
5.9130484e-06,-100,-100
