pt_ms,pt_tf,ms_tf
3.9950996e-06,-100,-100
3.89893e-06,-100,-100
4.204318e-06,-100,-100
4.124658e-06,-100,-100
4.540108e-06,-100,-100
5.6030917e-06,-100,-100
5.6858303e-06,-100,-100
6.0315783e-06,-100,-100
6.457162e-06,-100,-100
6.930743e-06,-100,-100
