pt_ms,pt_tf,ms_tf
8.912541e-05,-100,-100
5.525304e-05,-100,-100
5.525301e-05,-100,-100
5.252751e-05,-100,-100
5.2527503e-05,-100,-100
5.2527528e-05,-100,-100
5.2527514e-05,-100,-100
5.2527514e-05,-100,-100
5.25275e-05,-100,-100
5.252754e-05,-100,-100
