pt_ms,pt_tf,ms_tf
0.90046823,-100,-100
0.85041475,-100,-100
0.16912867,-100,-100
0.16912867,-100,-100
0.120715305,-100,-100
0.05163457,-100,-100
0.05163457,-100,-100
7.599592e-08,-100,-100
7.599592e-08,-100,-100
7.599592e-08,-100,-100
