pt_ms,pt_tf,ms_tf
0.2595618,-100,-100
0.24952444,-100,-100
0.27342895,-100,-100
0.2818545,-100,-100
0.110187456,-100,-100
0.08613608,-100,-100
0.0872681,-100,-100
0.11801244,-100,-100
0.08806924,-100,-100
0.054147802,-100,-100
