pt_ms,pt_tf,ms_tf
0.074466795,-100,-100
0.06515027,-100,-100
0.07041916,-100,-100
0.30415118,-100,-100
0.14100985,-100,-100
0.123118125,-100,-100
0.23769277,-100,-100
0.21912521,-100,-100
0.20408465,-100,-100
0.37195465,-100,-100
0.29243717,-100,-100
0.18136948,-100,-100
0.2876491,-100,-100
0.21881229,-100,-100
0.18033597,-100,-100
0.21445706,-100,-100
0.24615754,-100,-100
0.2680688,-100,-100
0.2720548,-100,-100
0.23873459,-100,-100
