pt_ms,pt_tf,ms_tf
5.7654055e-05,-100,-100
4.291693e-05,-100,-100
5.8077232e-05,-100,-100
4.0681913e-05,-100,-100
4.473268e-05,-100,-100
4.2330244e-05,-100,-100
4.1931547e-05,-100,-100
3.2762226e-05,-100,-100
3.3515138e-05,-100,-100
2.4507126e-05,-100,-100
2.936191e-05,-100,-100
3.015233e-05,-100,-100
1.9991749e-05,-100,-100
2.186788e-05,-100,-100
1.877656e-05,-100,-100
1.975492e-05,-100,-100
1.7487411e-05,-100,-100
1.87584e-05,-100,-100
1.8061595e-05,-100,-100
1.8965107e-05,-100,-100
