pt_ms,pt_tf,ms_tf
0.00026471118,-100,-100
0.0001177342,-100,-100
4.4271404e-05,-100,-100
3.3938348e-05,-100,-100
7.120754e-05,-100,-100
0.00010490491,-100,-100
8.1842576e-05,-100,-100
8.51784e-05,-100,-100
5.2646097e-05,-100,-100
8.384268e-05,-100,-100
8.308228e-05,-100,-100
4.1222924e-05,-100,-100
5.916269e-05,-100,-100
0.0001074795,-100,-100
0.00010990708,-100,-100
0.00010498781,-100,-100
0.000111538466,-100,-100
0.00012498062,-100,-100
9.827404e-05,-100,-100
0.000118552096,-100,-100
