pt_ms,pt_tf,ms_tf
2.3993946e-06,-100,-100
2.3993946e-06,-100,-100
2.3993946e-06,-100,-100
2.3993946e-06,-100,-100
2.3993946e-06,-100,-100
2.3993946e-06,-100,-100
2.3993946e-06,-100,-100
2.3993946e-06,-100,-100
2.3993946e-06,-100,-100
2.2306363e-06,-100,-100
2.2306363e-06,-100,-100
2.2306363e-06,-100,-100
2.2306363e-06,-100,-100
2.2306363e-06,-100,-100
2.2306363e-06,-100,-100
2.254483e-06,-100,-100
2.4227697e-06,-100,-100
2.4227697e-06,-100,-100
2.4227697e-06,-100,-100
2.495467e-06,-100,-100
