pt_ms,pt_tf,ms_tf
6.211493e-05,-100,-100
5.7683264e-05,-100,-100
3.823232e-05,-100,-100
2.5559324e-05,-100,-100
6.9911994e-06,-100,-100
1.146756e-06,-100,-100
2.6654698e-06,-100,-100
1.322387e-06,-100,-100
2.6387096e-07,-100,-100
3.3355605e-07,-100,-100
4.0301305e-07,-100,-100
4.8946094e-07,-100,-100
2.190417e-07,-100,-100
2.5062593e-07,-100,-100
2.1975345e-07,-100,-100
1.4123157e-07,-100,-100
1.1238017e-07,-100,-100
8.109945e-08,-100,-100
8.0315175e-08,-100,-100
8.846696e-08,-100,-100
