pt_ms,pt_tf,ms_tf
0.006805539,-100,-100
0.004685819,-100,-100
0.0062072873,-100,-100
0.008311152,-100,-100
0.007953227,-100,-100
0.00834465,-100,-100
0.00072294474,-100,-100
0.010894239,-100,-100
0.0068966746,-100,-100
0.008808434,-100,-100
0.005828142,-100,-100
0.0047522187,-100,-100
0.0009576082,-100,-100
0.009350419,-100,-100
0.010988951,-100,-100
0.0037311912,-100,-100
0.0003722906,-100,-100
0.0029806495,-100,-100
0.005715072,-100,-100
0.005841732,-100,-100
