pt_ms,pt_tf,ms_tf
0.68855834,-100,-100
0.17790303,-100,-100
0.15808682,-100,-100
0.060509585,-100,-100
0.059002317,-100,-100
0.016084814,-100,-100
0.024235064,-100,-100
0.023063416,-100,-100
0.022874603,-100,-100
0.017645787,-100,-100
0.017645787,-100,-100
0.020342827,-100,-100
0.013024316,-100,-100
0.012270513,-100,-100
0.01215213,-100,-100
0.010755845,-100,-100
0.010755845,-100,-100
0.007903377,-100,-100
0.0068257083,-100,-100
0.0072101112,-100,-100
