pt_ms,pt_tf,ms_tf
0.31999674,-100,-100
0.5496686,-100,-100
1.2755206,-100,-100
8.252736,-100,-100
12.258554,-100,-100
38.67045,-100,-100
54.546547,-100,-100
62.867104,-100,-100
63.295708,-100,-100
101.10858,-100,-100
120.30769,-100,-100
144.23012,-100,-100
153.1055,-100,-100
262.54614,-100,-100
219.97241,-100,-100
348.0932,-100,-100
301.35663,-100,-100
363.44897,-100,-100
334.62482,-100,-100
413.59985,-100,-100
