pt_ms,pt_tf,ms_tf
0.15179014,-100,-100
0.3321215,-100,-100
0.34437612,-100,-100
0.8063268,-100,-100
1.0541438,-100,-100
26.259022,-100,-100
14.801639,-100,-100
141.07443,-100,-100
221.54541,-100,-100
776.61316,-100,-100
3244.0503,-100,-100
23608.008,-100,-100
16166.312,-100,-100
27710.283,-100,-100
65697.15,-100,-100
1328143.6,-100,-100
4107056.2,-100,-100
6446288.5,-100,-100
13554173.0,-100,-100
15129659.0,-100,-100
