pt_ms,pt_tf,ms_tf
0.00015261811,-100,-100
0.00014706116,-100,-100
0.00013018509,-100,-100
7.9162935e-05,-100,-100
8.391434e-05,-100,-100
7.911037e-05,-100,-100
4.3513013e-05,-100,-100
8.8601584e-05,-100,-100
8.02469e-05,-100,-100
8.4251355e-05,-100,-100
8.6691325e-05,-100,-100
7.6644355e-05,-100,-100
7.268404e-05,-100,-100
5.6446814e-05,-100,-100
7.668646e-05,-100,-100
6.235785e-05,-100,-100
7.126654e-05,-100,-100
7.971653e-05,-100,-100
7.5856755e-05,-100,-100
6.493677e-05,-100,-100
