pt_ms,pt_tf,ms_tf
0.4584571,-100,-100
4.5118566,-100,-100
10.849558,-100,-100
3.7602541,-100,-100
7.5264087,-100,-100
3.4076357,-100,-100
3.5026972,-100,-100
3.9173472,-100,-100
5.5063796,-100,-100
7.6765766,-100,-100
5.331781,-100,-100
5.1380825,-100,-100
4.895169,-100,-100
3.7883453,-100,-100
5.841784,-100,-100
8.154108,-100,-100
5.187733,-100,-100
1.436138,-100,-100
1.3241876,-100,-100
3.911207,-100,-100
