pt_ms,pt_tf,ms_tf
0.2600566,-100,-100
0.5238935,-100,-100
0.43771276,-100,-100
0.48636377,-100,-100
0.32820615,-100,-100
0.42272818,-100,-100
0.56990415,-100,-100
0.4734319,-100,-100
0.4734319,-100,-100
0.4885507,-100,-100
0.35087645,-100,-100
0.28947726,-100,-100
0.5281043,-100,-100
0.41052476,-100,-100
0.43056762,-100,-100
0.30450478,-100,-100
0.48278308,-100,-100
0.4410924,-100,-100
0.31309777,-100,-100
0.44891658,-100,-100
