pt_ms,pt_tf,ms_tf
0.60448956,-100,-100
0.6016748,-100,-100
0.6026154,-100,-100
0.6013372,-100,-100
0.57720244,-100,-100
0.51632786,-100,-100
0.52054745,-100,-100
0.5274582,-100,-100
,-100,-100
,-100,-100
,-100,-100
,-100,-100
,-100,-100
,-100,-100
,-100,-100
,-100,-100
,-100,-100
,-100,-100
,-100,-100
,-100,-100
