pt_ms,pt_tf,ms_tf
0.070815526,-100,-100
0.07055331,-100,-100
0.07144527,-100,-100
0.071852356,-100,-100
0.07201491,-100,-100
0.07984708,-100,-100
0.07824813,-100,-100
0.07836586,-100,-100
,-100,-100
,-100,-100
,-100,-100
,-100,-100
,-100,-100
,-100,-100
,-100,-100
,-100,-100
,-100,-100
,-100,-100
,-100,-100
,-100,-100
