pt_ms,pt_tf,ms_tf
0.5889718,-100,-100
0.5778059,-100,-100
0.5802043,-100,-100
0.58198684,-100,-100
0.5697477,-100,-100
0.4861781,-100,-100
0.45206696,-100,-100
0.4405973,-100,-100
0.44654208,-100,-100
0.5349772,-100,-100
0.53627914,-100,-100
0.5414399,-100,-100
0.5678853,-100,-100
0.54793096,-100,-100
0.54297376,-100,-100
0.5356755,-100,-100
0.54104644,-100,-100
0.5368584,-100,-100
0.54123724,-100,-100
0.54298925,-100,-100
