pt_ms,pt_tf,ms_tf
5.9170066e-05,-100,-100
6.29715e-05,-100,-100
6.3227344e-05,-100,-100
6.0439128e-05,-100,-100
5.7628557e-05,-100,-100
6.706763e-05,-100,-100
6.4338565e-05,-100,-100
5.9602626e-05,-100,-100
4.676139e-05,-100,-100
4.7516474e-05,-100,-100
6.207861e-05,-100,-100
5.1673076e-05,-100,-100
4.5072153e-05,-100,-100
4.8586342e-05,-100,-100
5.3519783e-05,-100,-100
5.573828e-05,-100,-100
5.690859e-05,-100,-100
5.228463e-05,-100,-100
5.198689e-05,-100,-100
4.7222544e-05,-100,-100
