pt_ms,pt_tf,ms_tf
5.7438225e-05,-100,-100
6.8154135e-05,-100,-100
5.0650877e-05,-100,-100
5.0313498e-05,-100,-100
6.251416e-05,-100,-100
6.318839e-05,-100,-100
5.9395672e-05,-100,-100
5.215819e-05,-100,-100
6.568883e-05,-100,-100
6.0828115e-05,-100,-100
6.420343e-05,-100,-100
5.033016e-05,-100,-100
5.7883568e-05,-100,-100
5.3560252e-05,-100,-100
6.462763e-05,-100,-100
5.0694853e-05,-100,-100
5.5836797e-05,-100,-100
5.708486e-05,-100,-100
4.6071847e-05,-100,-100
4.725849e-05,-100,-100
