pt_ms,pt_tf,ms_tf
1.1099926,-100,-100
1.1129566,-100,-100
1.1091076,-100,-100
1.1095822,-100,-100
1.1081004,-100,-100
1.1116121,-100,-100
1.1108488,-100,-100
1.0928253,-100,-100
1.0954334,-100,-100
,-100,-100
,-100,-100
,-100,-100
,-100,-100
,-100,-100
,-100,-100
,-100,-100
,-100,-100
,-100,-100
,-100,-100
,-100,-100
