pt_ms,pt_tf,ms_tf
1.0652474,-100,-100
1.0641629,-100,-100
1.0858496,-100,-100
1.0785347,-100,-100
1.0754902,-100,-100
1.0611151,-100,-100
1.0618044,-100,-100
,-100,-100
,-100,-100
,-100,-100
,-100,-100
,-100,-100
,-100,-100
,-100,-100
,-100,-100
,-100,-100
,-100,-100
,-100,-100
,-100,-100
,-100,-100
