pt_ms,pt_tf,ms_tf
0.48191893,-100,-100
0.5620519,-100,-100
0.7230356,-100,-100
0.8148687,-100,-100
0.8148687,-100,-100
0.8148687,-100,-100
0.8148687,-100,-100
0.8148687,-100,-100
0.8148687,-100,-100
0.8148687,-100,-100
