pt_ms,pt_tf,ms_tf
0.35484645,-100,-100
0.34262958,-100,-100
0.29546136,-100,-100
0.30774733,-100,-100
0.52736455,-100,-100
0.3380661,-100,-100
0.3703633,-100,-100
9.3522215,-100,-100
117.06485,-100,-100
123.77996,-100,-100
