pt_ms,pt_tf,ms_tf
1.549021e-06,5.761002e-07,1.4949641e-06
0.49144223,0.21832986,0.6188914
270830.62,197784.08,208479.45
1834692600.0,1201992000.0,968296060.0
1834692600.0,1181472600.0,978098050.0
1834692600.0,1181472600.0,978098050.0
1834692600.0,1201992000.0,968296060.0
1834692600.0,1201992000.0,968296060.0
1834692600.0,1172044200.0,983144200.0
1834692600.0,1201992000.0,968296060.0
