pt_ms,pt_tf,ms_tf
0.000105940526,-100,-100
9.190391e-05,-100,-100
0.00011872441,-100,-100
9.895446e-05,-100,-100
0.000103584054,-100,-100
8.365354e-05,-100,-100
7.449325e-05,-100,-100
7.8294106e-05,-100,-100
0.15304112,-100,-100
0.18862645,-100,-100
