pt_ms,pt_tf,ms_tf
6.882667e-05,-100,-100
6.7924455e-05,-100,-100
6.171341e-05,-100,-100
5.963913e-05,-100,-100
6.835372e-05,-100,-100
8.09229e-05,-100,-100
7.3659925e-05,-100,-100
6.780806e-05,-100,-100
6.62396e-05,-100,-100
6.6239576e-05,-100,-100
