pt_ms,pt_tf,ms_tf
0.00026791036,-100,-100
0.00028581393,-100,-100
0.0003590075,-100,-100
0.00021703226,-100,-100
0.00024319509,-100,-100
0.00029556188,-100,-100
0.00014016352,-100,-100
0.000143313,-100,-100
9.444234e-05,-100,-100
0.00012136377,-100,-100
8.603236e-05,-100,-100
8.584768e-05,-100,-100
0.00010320691,-100,-100
0.00012186244,-100,-100
0.00011448095,-100,-100
0.00016018913,-100,-100
0.00013030796,-100,-100
0.00012099275,-100,-100
0.0001287274,-100,-100
0.00013991709,-100,-100
