pt_ms,pt_tf,ms_tf
4.590256e-05,-100,-100
5.1183706e-05,-100,-100
9.54035e-06,-100,-100
1.4618578e-05,-100,-100
4.388983e-06,-100,-100
2.3937644e-06,-100,-100
2.385742e-06,-100,-100
1.6627741e-06,-100,-100
1.0702239e-06,-100,-100
9.0456064e-07,-100,-100
4.9213213e-07,-100,-100
2.205342e-07,-100,-100
1.5446315e-07,-100,-100
8.947293e-08,-100,-100
9.1847575e-08,-100,-100
8.806713e-08,-100,-100
7.141813e-08,-100,-100
6.887527e-08,-100,-100
3.5153565e-08,-100,-100
3.1747064e-08,-100,-100
