pt_ms,pt_tf,ms_tf
0.001565218,-100,-100
0.0040097833,-100,-100
0.006112635,-100,-100
0.0035316348,-100,-100
0.0039711,-100,-100
0.009127557,-100,-100
0.0018230677,-100,-100
0.00037544966,-100,-100
0.013705015,-100,-100
0.011863112,-100,-100
0.008372903,-100,-100
0.016501665,-100,-100
0.01449728,-100,-100
0.01717341,-100,-100
0.015439451,-100,-100
0.016520739,-100,-100
0.017024219,-100,-100
0.015955895,-100,-100
0.023126781,-100,-100
0.029127479,-100,-100
