pt_ms,pt_tf,ms_tf
0.7952448,-100,-100
2.4078608,-100,-100
13.670019,-100,-100
13.813723,-100,-100
9.661795,-100,-100
23.083336,-100,-100
55.510506,-100,-100
109.79433,-100,-100
59.618713,-100,-100
76.56917,-100,-100
91.1301,-100,-100
112.89585,-100,-100
151.35928,-100,-100
170.4313,-100,-100
206.91035,-100,-100
278.11188,-100,-100
318.51788,-100,-100
381.50977,-100,-100
258.6739,-100,-100
147.71269,-100,-100
