pt_ms,pt_tf,ms_tf
0.00018698793,-100,-100
0.00018698793,-100,-100
0.00024515565,-100,-100
0.00015419595,-100,-100
0.00024670968,-100,-100
0.00038428692,-100,-100
0.00038428692,-100,-100
0.00023559161,-100,-100
0.0002396353,-100,-100
0.00028025493,-100,-100
5.97605e-05,-100,-100
5.97605e-05,-100,-100
3.375315e-05,-100,-100
6.86407e-05,-100,-100
4.3648306e-05,-100,-100
6.487479e-05,-100,-100
5.856853e-05,-100,-100
7.971944e-05,-100,-100
8.395631e-05,-100,-100
8.395631e-05,-100,-100
