pt_ms,pt_tf,ms_tf
7.71736e-05,-100,-100
5.4187294e-05,-100,-100
4.9678536e-05,-100,-100
1.8262743e-05,-100,-100
1.696771e-05,-100,-100
1.8415814e-05,-100,-100
3.809515e-05,-100,-100
3.744916e-05,-100,-100
3.3250384e-05,-100,-100
2.8422479e-05,-100,-100
2.590641e-05,-100,-100
2.328286e-05,-100,-100
2.3282866e-05,-100,-100
2.3282859e-05,-100,-100
2.328286e-05,-100,-100
2.3282859e-05,-100,-100
2.3282853e-05,-100,-100
2.3282859e-05,-100,-100
2.328286e-05,-100,-100
2.3282864e-05,-100,-100
