pt_ms,pt_tf,ms_tf
0.90046823,-100,-100
0.90046823,-100,-100
2.7592793,-100,-100
4.457047,-100,-100
4.719387,-100,-100
4.655446,-100,-100
4.655446,-100,-100
4.7050056,-100,-100
4.8092427,-100,-100
8.3026,-100,-100
8.3026,-100,-100
0.6378307,-100,-100
0.10430929,-100,-100
0.10430929,-100,-100
1.5527978,-100,-100
1.3896745,-100,-100
1.3896745,-100,-100
1.3896745,-100,-100
1.3896745,-100,-100
1.3896745,-100,-100
