pt_ms,pt_tf,ms_tf
0.10687926,-100,-100
0.13795955,-100,-100
0.08064016,-100,-100
0.18673903,-100,-100
0.35486943,-100,-100
0.11587787,-100,-100
0.1690382,-100,-100
0.36189976,-100,-100
0.21435623,-100,-100
0.4034398,-100,-100
0.107283644,-100,-100
0.051126484,-100,-100
0.34103587,-100,-100
0.47376633,-100,-100
0.053703457,-100,-100
0.0707701,-100,-100
0.18704419,-100,-100
0.36028385,-100,-100
0.5540491,-100,-100
0.53216547,-100,-100
