pt_ms,pt_tf,ms_tf
0.066393286,-100,-100
0.066393286,-100,-100
0.066393286,-100,-100
0.066393286,-100,-100
0.066393286,-100,-100
0.066393286,-100,-100
0.066393286,-100,-100
0.066393286,-100,-100
0.066393286,-100,-100
0.066393286,-100,-100
0.066393286,-100,-100
0.066393286,-100,-100
0.066393286,-100,-100
0.066393286,-100,-100
0.066393286,-100,-100
0.066393286,-100,-100
0.066393286,-100,-100
0.066393286,-100,-100
0.066393286,-100,-100
0.066393286,-100,-100
