pt_ms,pt_tf,ms_tf
0.8686415,-100,-100
0.38267356,-100,-100
0.36734053,-100,-100
0.51742256,-100,-100
0.45828456,-100,-100
0.43532836,-100,-100
0.41013446,-100,-100
0.69487,-100,-100
0.2697799,-100,-100
0.50067914,-100,-100
0.52399135,-100,-100
0.46680355,-100,-100
0.32705668,-100,-100
0.46232408,-100,-100
0.4457666,-100,-100
0.4984456,-100,-100
0.7326914,-100,-100
0.6025653,-100,-100
0.42546797,-100,-100
0.64219546,-100,-100
