pt_ms,pt_tf,ms_tf
0.5643032,-100,-100
0.21945183,-100,-100
0.17658079,-100,-100
0.1823712,-100,-100
0.17988887,-100,-100
0.1830846,-100,-100
0.17637289,-100,-100
0.17498499,-100,-100
0.18931346,-100,-100
0.16835402,-100,-100
0.17335479,-100,-100
0.18425344,-100,-100
0.17051014,-100,-100
0.1516182,-100,-100
0.18525773,-100,-100
0.15544721,-100,-100
0.15294224,-100,-100
0.16601716,-100,-100
0.17268997,-100,-100
0.16023211,-100,-100
