pt_ms,pt_tf,ms_tf
3.6468155e-05,-100,-100
2.7525013e-05,-100,-100
2.370204e-05,-100,-100
2.2022923e-05,-100,-100
1.696547e-05,-100,-100
6.0419748e-06,-100,-100
6.864506e-06,-100,-100
1.2245949e-05,-100,-100
1.2617168e-05,-100,-100
1.5078172e-05,-100,-100
4.8649645e-06,-100,-100
4.0249915e-06,-100,-100
5.2265646e-06,-100,-100
2.002565e-06,-100,-100
1.4850818e-06,-100,-100
2.742534e-06,-100,-100
2.2812967e-06,-100,-100
3.5513615e-06,-100,-100
1.2596165e-06,-100,-100
1.0067979e-06,-100,-100
