pt_ms,pt_tf,ms_tf
7.2914685e-05,-100,-100
7.1319904e-05,-100,-100
7.091606e-05,-100,-100
6.801634e-05,-100,-100
6.955254e-05,-100,-100
5.4119693e-05,-100,-100
4.272019e-05,-100,-100
2.9265108e-05,-100,-100
2.898822e-05,-100,-100
2.2628983e-05,-100,-100
2.0510664e-05,-100,-100
2.0957175e-05,-100,-100
2.012177e-05,-100,-100
1.7364242e-05,-100,-100
1.8377883e-05,-100,-100
1.5607779e-05,-100,-100
1.4579978e-05,-100,-100
1.29545415e-05,-100,-100
1.2534214e-05,-100,-100
1.3440196e-05,-100,-100
