pt_ms,pt_tf,ms_tf
0.9974398,-100,-100
0.9736544,-100,-100
0.18370785,-100,-100
0.18020868,-100,-100
0.16216362,-100,-100
0.21714611,-100,-100
0.30613822,-100,-100
0.30613822,-100,-100
0.25093773,-100,-100
0.22582361,-100,-100
0.22582361,-100,-100
0.22582361,-100,-100
0.18686871,-100,-100
0.22165379,-100,-100
0.12829648,-100,-100
0.10570686,-100,-100
0.14599755,-100,-100
0.14599755,-100,-100
0.14599755,-100,-100
0.10346614,-100,-100
