pt_ms,pt_tf,ms_tf
0.20056161,-100,-100
0.09927024,-100,-100
0.04747398,-100,-100
0.045165755,-100,-100
0.028276151,-100,-100
0.020914216,-100,-100
0.020068578,-100,-100
0.02465225,-100,-100
0.016454507,-100,-100
0.020890918,-100,-100
0.010972224,-100,-100
0.011489851,-100,-100
0.018636564,-100,-100
0.014696506,-100,-100
0.021405416,-100,-100
0.019825134,-100,-100
0.009911106,-100,-100
0.014869846,-100,-100
0.01821605,-100,-100
0.013906338,-100,-100
