pt_ms,pt_tf,ms_tf
0.41431245,-100,-100
0.88759226,-100,-100
1.4464157,-100,-100
3.882078,-100,-100
12.277478,-100,-100
49.366356,-100,-100
38.595978,-100,-100
5.373607,-100,-100
1.3368005,-100,-100
1.918178,-100,-100
