pt_ms,pt_tf,ms_tf
0.14370717,-100,-100
0.013966251,-100,-100
0.013966251,-100,-100
0.013966251,-100,-100
0.013966251,-100,-100
0.013966251,-100,-100
0.013966251,-100,-100
0.013966251,-100,-100
0.013966251,-100,-100
0.013966251,-100,-100
