pt_ms,pt_tf,ms_tf
3.5308024e-06,7.631723e-07,2.9982132e-06
9.7024185e-06,5.7296147e-06,9.624444e-06
1.5118961e-05,4.784843e-06,1.34391075e-05
8.9876485e-06,4.802081e-06,7.6102097e-06
1.2731364e-05,4.0307655e-06,1.1177414e-05
1.0445604e-05,5.1473216e-06,9.909814e-06
5.208482e-06,2.8934792e-06,5.602205e-06
3.669891e-05,1.17882255e-05,3.047038e-05
4.068206e-05,1.6713326e-05,2.9320106e-05
3.6439396e-05,1.6510474e-05,3.0212808e-05
