pt_ms,pt_tf,ms_tf
8.226142e-05,-100,-100
8.226144e-05,-100,-100
4.288348e-05,-100,-100
4.288348e-05,-100,-100
4.2883454e-05,-100,-100
4.2883465e-05,-100,-100
4.2883472e-05,-100,-100
4.2883457e-05,-100,-100
4.2883454e-05,-100,-100
4.2883472e-05,-100,-100
