pt_ms,pt_tf,ms_tf
9.0931e-05,-100,-100
6.414426e-05,-100,-100
6.414424e-05,-100,-100
6.414424e-05,-100,-100
6.4144246e-05,-100,-100
6.4144246e-05,-100,-100
6.414422e-05,-100,-100
6.4144224e-05,-100,-100
6.4144246e-05,-100,-100
6.414424e-05,-100,-100
