pt_ms,pt_tf,ms_tf
0.28796312,-100,-100
0.3001279,-100,-100
0.2531094,-100,-100
0.2487974,-100,-100
8.487701e-06,-100,-100
8.487701e-06,-100,-100
8.487701e-06,-100,-100
8.487701e-06,-100,-100
8.487701e-06,-100,-100
8.487701e-06,-100,-100
