pt_ms,pt_tf,ms_tf
0.28270838,-100,-100
0.06458491,-100,-100
0.20130701,-100,-100
0.21773551,-100,-100
0.17335656,-100,-100
0.039719366,-100,-100
0.23568453,-100,-100
0.23095377,-100,-100
0.2389966,-100,-100
0.063475065,-100,-100
0.074026495,-100,-100
0.082191154,-100,-100
0.24363881,-100,-100
0.33530125,-100,-100
0.31786856,-100,-100
0.22446129,-100,-100
0.033925563,-100,-100
0.05044232,-100,-100
0.05044232,-100,-100
0.05044232,-100,-100
