pt_ms,pt_tf,ms_tf
0.17019196,-100,-100
0.22208582,-100,-100
0.201266,-100,-100
0.19018205,-100,-100
0.1932122,-100,-100
0.19321096,-100,-100
0.17394872,-100,-100
0.26323846,-100,-100
0.22119202,-100,-100
0.22120646,-100,-100
0.22140358,-100,-100
0.2263834,-100,-100
0.24610476,-100,-100
0.17609717,-100,-100
0.22257751,-100,-100
0.08901818,-100,-100
0.08897939,-100,-100
0.08953223,-100,-100
0.08955328,-100,-100
0.086402774,-100,-100
