pt_ms,pt_tf,ms_tf
5.9634574e-05,-100,-100
6.812346e-05,-100,-100
4.7799076e-05,-100,-100
6.543051e-05,-100,-100
0.00015891907,-100,-100
4.917644e-05,-100,-100
4.073947e-05,-100,-100
4.9486192e-05,-100,-100
3.419183e-05,-100,-100
7.819381e-05,-100,-100
4.4948098e-05,-100,-100
2.9250505e-05,-100,-100
8.987237e-05,-100,-100
3.8485538e-05,-100,-100
2.4923349e-05,-100,-100
5.7112527e-05,-100,-100
3.8815953e-05,-100,-100
4.3272263e-05,-100,-100
6.11788e-05,-100,-100
4.3898974e-05,-100,-100
