pt_ms,pt_tf,ms_tf
4.164958e-05,-100,-100
2.8744407e-05,-100,-100
0.00015878619,-100,-100
0.00018363382,-100,-100
0.00017211158,-100,-100
0.00017211166,-100,-100
7.375817e-05,-100,-100
7.375815e-05,-100,-100
7.713969e-05,-100,-100
7.7139615e-05,-100,-100
8.079674e-05,-100,-100
2.524519e-05,-100,-100
1.9888303e-05,-100,-100
2.0492524e-05,-100,-100
2.4973184e-05,-100,-100
2.9340265e-05,-100,-100
2.9340252e-05,-100,-100
2.588588e-05,-100,-100
2.471405e-05,-100,-100
0.00010757246,-100,-100
