pt_ms,pt_tf,ms_tf
0.35474548,-100,-100
0.4025518,-100,-100
0.39401665,-100,-100
0.6676619,-100,-100
0.39564407,-100,-100
0.91092247,-100,-100
0.83970225,-100,-100
0.672391,-100,-100
0.72936594,-100,-100
2.1709957,-100,-100
1.1329732,-100,-100
1.0897743,-100,-100
1.0908952,-100,-100
1.1583596,-100,-100
1.1663904,-100,-100
0.5826153,-100,-100
1.4125487,-100,-100
0.9352185,-100,-100
0.9352185,-100,-100
1.3582567,-100,-100
