pt_ms,pt_tf,ms_tf
0.82923996,-100,-100
0.273725,-100,-100
0.273725,-100,-100
0.273725,-100,-100
0.30858117,-100,-100
0.30858117,-100,-100
0.17830129,-100,-100
0.17830129,-100,-100
0.10863579,-100,-100
0.17830129,-100,-100
0.82923996,-100,-100
0.82923996,-100,-100
0.59943247,-100,-100
0.273725,-100,-100
0.4127782,-100,-100
0.10863579,-100,-100
0.273725,-100,-100
0.273725,-100,-100
0.17830129,-100,-100
0.59943247,-100,-100
