pt_ms,pt_tf,ms_tf
0.10794215,-100,-100
0.15331973,-100,-100
0.17577188,-100,-100
0.062182657,-100,-100
0.27985862,-100,-100
0.1480853,-100,-100
0.10009537,-100,-100
0.13791159,-100,-100
0.08391673,-100,-100
0.13268578,-100,-100
0.1286781,-100,-100
0.06693225,-100,-100
0.17436393,-100,-100
0.1719199,-100,-100
0.3334675,-100,-100
0.08296729,-100,-100
0.12125386,-100,-100
0.053863086,-100,-100
0.062794484,-100,-100
0.1465808,-100,-100
