pt_ms,pt_tf,ms_tf
10394.417,-100,-100
1766565.1,-100,-100
4531177000.0,-100,-100
10011020000.0,-100,-100
14584705000000.0,-100,-100
484863600000000.0,-100,-100
1753852800000000.0,-100,-100
1.12905015e+18,-100,-100
2.0995216e+19,-100,-100
1.3511052e+21,-100,-100
5.6747323e+22,-100,-100
2.2168534e+25,-100,-100
1.5654664e+23,-100,-100
2.6259855e+23,-100,-100
7.7078236e+23,-100,-100
4.369891e+24,-100,-100
1.526819e+24,-100,-100
4.094693e+24,-100,-100
7.461772e+25,-100,-100
3.2877647e+26,-100,-100
