pt_ms,pt_tf,ms_tf
7.643443e-05,-100,-100
7.406732e-05,-100,-100
8.4222316e-05,-100,-100
6.043778e-05,-100,-100
7.6752316e-05,-100,-100
7.7110286e-05,-100,-100
7.643443e-05,-100,-100
7.643442e-05,-100,-100
6.693214e-05,-100,-100
6.0437826e-05,-100,-100
7.643442e-05,-100,-100
6.6932116e-05,-100,-100
6.693213e-05,-100,-100
7.643441e-05,-100,-100
7.643442e-05,-100,-100
7.6434415e-05,-100,-100
7.643443e-05,-100,-100
6.0437793e-05,-100,-100
8.42223e-05,-100,-100
6.1595e-05,-100,-100
