pt_ms,pt_tf,ms_tf
0.00010454996,-100,-100
0.000120744124,-100,-100
0.00016164988,-100,-100
5.6659817e-05,-100,-100
0.00010454992,-100,-100
0.00010454997,-100,-100
0.0001616499,-100,-100
0.0001207441,-100,-100
6.675694e-05,-100,-100
8.4134386e-05,-100,-100
5.665983e-05,-100,-100
0.00010454996,-100,-100
0.00010454992,-100,-100
0.000104549996,-100,-100
0.00010454999,-100,-100
6.675694e-05,-100,-100
0.0001207441,-100,-100
8.4134364e-05,-100,-100
7.507322e-05,-100,-100
7.406729e-05,-100,-100
