pt_ms,pt_tf,ms_tf
3.3581033,-100,-100
3.3581033,-100,-100
3.3581033,-100,-100
1.371987,-100,-100
1.371987,-100,-100
3.3581033,-100,-100
3.3581033,-100,-100
3.3581033,-100,-100
1.371987,-100,-100
3.3581033,-100,-100
3.3581033,-100,-100
3.3581033,-100,-100
1.371987,-100,-100
1.371987,-100,-100
1.371987,-100,-100
3.3581033,-100,-100
0.82923996,-100,-100
1.371987,-100,-100
0.82923996,-100,-100
1.371987,-100,-100
