pt_ms,pt_tf,ms_tf
0.79481775,-100,-100
0.7896765,-100,-100
0.7930315,-100,-100
0.4540456,-100,-100
0.4540456,-100,-100
1.4015532,-100,-100
0.99416894,-100,-100
0.99416894,-100,-100
0.99416894,-100,-100
0.99416894,-100,-100
0.99416894,-100,-100
0.9283768,-100,-100
0.99416894,-100,-100
0.99416894,-100,-100
0.6889487,-100,-100
0.6889487,-100,-100
0.6889487,-100,-100
0.6889487,-100,-100
0.61060953,-100,-100
0.9283768,-100,-100
