pt_ms,pt_tf,ms_tf
0.2780015,-100,-100
0.7153163,-100,-100
0.4279927,-100,-100
1.8919985,-100,-100
22.446869,-100,-100
21.576828,-100,-100
63.1419,-100,-100
215.543,-100,-100
524.5312,-100,-100
4635.2026,-100,-100
3707.599,-100,-100
5370.15,-100,-100
8861.706,-100,-100
32391.896,-100,-100
47649.59,-100,-100
500195.47,-100,-100
4464391.0,-100,-100
7425808.0,-100,-100
22446996.0,-100,-100
43005748.0,-100,-100
