pt_ms,pt_tf,ms_tf
6.044257e-05,-100,-100
8.8457244e-05,-100,-100
5.082493e-05,-100,-100
7.171028e-05,-100,-100
3.6871636e-05,-100,-100
5.0056075e-05,-100,-100
0.00012284832,-100,-100
0.0001925432,-100,-100
0.00019337698,-100,-100
0.00025174025,-100,-100
0.00041779393,-100,-100
0.00036454125,-100,-100
0.00048545975,-100,-100
0.00048144633,-100,-100
0.0011659857,-100,-100
0.0021772229,-100,-100
0.002051384,-100,-100
0.0018320056,-100,-100
0.004173609,-100,-100
0.0077218357,-100,-100
