pt_ms,pt_tf,ms_tf
0.00024501237,-100,-100
4.1074665e-05,-100,-100
0.00010276106,-100,-100
8.4738145e-05,-100,-100
8.724409e-05,-100,-100
6.191802e-05,-100,-100
6.923604e-05,-100,-100
6.825047e-05,-100,-100
6.215994e-05,-100,-100
5.8825368e-05,-100,-100
6.666848e-05,-100,-100
6.778476e-05,-100,-100
6.504624e-05,-100,-100
6.624365e-05,-100,-100
5.8046095e-05,-100,-100
7.741456e-05,-100,-100
8.186122e-05,-100,-100
7.8738114e-05,-100,-100
7.604795e-05,-100,-100
8.4466286e-05,-100,-100
