pt_ms,pt_tf,ms_tf
2.3993946e-06,-100,-100
2.3993946e-06,-100,-100
2.3993946e-06,-100,-100
2.4812232e-06,-100,-100
2.4812232e-06,-100,-100
2.4812232e-06,-100,-100
2.4812232e-06,-100,-100
2.4964386e-06,-100,-100
2.4964386e-06,-100,-100
2.4964386e-06,-100,-100
2.4964386e-06,-100,-100
2.2126537e-06,-100,-100
2.2126537e-06,-100,-100
1.7929717e-06,-100,-100
1.7929717e-06,-100,-100
2.2536374e-06,-100,-100
2.0974362e-06,-100,-100
1.9848037e-06,-100,-100
1.9848037e-06,-100,-100
2.147401e-06,-100,-100
