pt_ms,pt_tf,ms_tf
6.722759e-05,-100,-100
6.989846e-05,-100,-100
3.427674e-05,-100,-100
2.6118227e-05,-100,-100
1.8860043e-06,-100,-100
1.4322304e-06,-100,-100
1.528922e-06,-100,-100
2.1540827e-06,-100,-100
2.715559e-06,-100,-100
1.2077785e-06,-100,-100
7.2210304e-07,-100,-100
6.391814e-07,-100,-100
9.0971275e-07,-100,-100
9.97605e-07,-100,-100
8.9683033e-07,-100,-100
1.4456031e-06,-100,-100
1.9459274e-06,-100,-100
2.5454588e-06,-100,-100
8.082852e-07,-100,-100
2.70538e-07,-100,-100
