pt_ms,pt_tf,ms_tf
0.00031203032,-100,-100
0.00034320354,-100,-100
8.21352e-05,-100,-100
0.00030452013,-100,-100
8.08835e-05,-100,-100
0.00033581257,-100,-100
8.21352e-05,-100,-100
0.00031203032,-100,-100
8.106232e-05,-100,-100
0.00031203032,-100,-100
0.00030452013,-100,-100
8.106232e-05,-100,-100
0.00031203032,-100,-100
8.237362e-05,-100,-100
8.08835e-05,-100,-100
0.00030452013,-100,-100
0.00031203032,-100,-100
0.00031203032,-100,-100
0.00030836463,-100,-100
0.00031632185,-100,-100
