pt_ms,pt_tf,ms_tf
0.36167008,-100,-100
0.36167008,-100,-100
0.29435703,-100,-100
0.29435703,-100,-100
0.19999608,-100,-100
0.2616202,-100,-100
0.13053471,-100,-100
0.13053471,-100,-100
1.2618587,-100,-100
1.2618587,-100,-100
1.2618587,-100,-100
1.0904858,-100,-100
5.239903,-100,-100
5.867988,-100,-100
5.156991,-100,-100
5.336685,-100,-100
6.1537275,-100,-100
8.522166,-100,-100
10.8187,-100,-100
8.612326,-100,-100
