pt_ms,pt_tf,ms_tf
0.24865559,-100,-100
0.3610009,-100,-100
0.52123415,-100,-100
0.8333942,-100,-100
3.545819,-100,-100
4.1929526,-100,-100
8.550525,-100,-100
8.34074,-100,-100
16.950966,-100,-100
22.579258,-100,-100
25.424158,-100,-100
25.771296,-100,-100
28.886545,-100,-100
26.814617,-100,-100
27.762257,-100,-100
35.93905,-100,-100
34.112,-100,-100
25.441574,-100,-100
27.650494,-100,-100
23.015514,-100,-100
