pt_ms,pt_tf,ms_tf
169.56834,-100,-100
2573852.0,-100,-100
15871003000.0,-100,-100
3735824000.0,-100,-100
657128400000.0,-100,-100
1102528700000000.0,-100,-100
1948848800000000.0,-100,-100
1.8190748e+19,-100,-100
9.464738e+19,-100,-100
3.0093672e+22,-100,-100
3.6801173e+22,-100,-100
2.466776e+21,-100,-100
9.8841894e+20,-100,-100
1.4455415e+21,-100,-100
1.3036326e+19,-100,-100
9.864595e+21,-100,-100
3.1119736e+21,-100,-100
8.1478507e+18,-100,-100
2.5796736e+18,-100,-100
1.8881056e+21,-100,-100
