pt_ms,pt_tf,ms_tf
3.8723305e-05,-100,-100
0.0001713768,-100,-100
0.00014289434,-100,-100
0.00013914483,-100,-100
9.884517e-05,-100,-100
0.00023166696,-100,-100
0.0015021507,-100,-100
0.0032022898,-100,-100
0.0038330182,-100,-100
0.00055569294,-100,-100
0.0014098915,-100,-100
0.0026848405,-100,-100
0.0041888203,-100,-100
0.0007442903,-100,-100
0.0005547729,-100,-100
0.0015802297,-100,-100
0.0008598071,-100,-100
0.0012042096,-100,-100
0.0010944093,-100,-100
0.00020650882,-100,-100
