pt_ms,pt_tf,ms_tf
8.5858715e-05,-100,-100
0.000297748,-100,-100
0.0005384048,-100,-100
0.0006798954,-100,-100
0.0004430237,-100,-100
0.00013668199,-100,-100
0.0005783414,-100,-100
2.8437937e-05,-100,-100
8.891005e-05,-100,-100
3.6776666e-05,-100,-100
7.012797e-05,-100,-100
5.3484582e-05,-100,-100
2.2347753e-05,-100,-100
7.930737e-05,-100,-100
0.0054083164,-100,-100
0.0008082046,-100,-100
0.00042229684,-100,-100
0.0010235565,-100,-100
8.664588e-05,-100,-100
0.00014880343,-100,-100
