pt_ms,pt_tf,ms_tf
7.6434415e-05,-100,-100
7.643443e-05,-100,-100
7.643443e-05,-100,-100
9.80898e-05,-100,-100
0.0001150868,-100,-100
8.4222316e-05,-100,-100
6.1595e-05,-100,-100
6.692571e-05,-100,-100
0.00012074412,-100,-100
0.000120744095,-100,-100
0.00014931297,-100,-100
6.363565e-05,-100,-100
5.8300582e-05,-100,-100
5.8300593e-05,-100,-100
7.06899e-05,-100,-100
7.334821e-05,-100,-100
5.168933e-05,-100,-100
5.4884993e-05,-100,-100
0.00016289736,-100,-100
0.0001178171,-100,-100
