pt_ms,pt_tf,ms_tf
0.9960123,-100,-100
0.37348282,-100,-100
0.43333772,-100,-100
0.39528844,-100,-100
0.37348282,-100,-100
0.5669784,-100,-100
0.64148194,-100,-100
0.64148194,-100,-100
0.64148194,-100,-100
0.64148194,-100,-100
0.64148194,-100,-100
0.92219645,-100,-100
0.6720568,-100,-100
0.63590425,-100,-100
0.4896507,-100,-100
1.790469,-100,-100
1.7470665,-100,-100
1.2400749,-100,-100
1.1055914,-100,-100
1.323954,-100,-100
