pt_ms,pt_tf,ms_tf
1.6544592,-100,-100
31.410786,-100,-100
54.1263,-100,-100
645.10297,-100,-100
534.33716,-100,-100
1673.7965,-100,-100
1731.0916,-100,-100
6088.4194,-100,-100
4747.1436,-100,-100
3461.8843,-100,-100
30192.662,-100,-100
6317.37,-100,-100
229705.0,-100,-100
281475.8,-100,-100
318273.03,-100,-100
175954.08,-100,-100
143524.89,-100,-100
133779.56,-100,-100
9450.925,-100,-100
5445.0356,-100,-100
