pt_ms,pt_tf,ms_tf
7.6522665e-05,-100,-100
6.546988e-05,-100,-100
8.337956e-05,-100,-100
0.000103722174,-100,-100
0.00011694208,-100,-100
0.00010593362,-100,-100
0.000112235575,-100,-100
0.00010321937,-100,-100
8.239369e-05,-100,-100
5.958866e-05,-100,-100
9.2873626e-05,-100,-100
0.00010771689,-100,-100
0.00010647224,-100,-100
6.0992297e-05,-100,-100
6.0149618e-05,-100,-100
7.0915026e-05,-100,-100
7.213183e-05,-100,-100
6.192956e-05,-100,-100
8.426882e-05,-100,-100
6.422945e-05,-100,-100
