pt_ms,pt_tf,ms_tf
7.813751e-05,-100,-100
8.1996586e-05,-100,-100
9.743791e-05,-100,-100
9.0596186e-05,-100,-100
6.911071e-05,-100,-100
7.1250004e-05,-100,-100
7.659266e-05,-100,-100
9.263006e-05,-100,-100
9.5932606e-05,-100,-100
7.154092e-05,-100,-100
8.353858e-05,-100,-100
8.622658e-05,-100,-100
8.604548e-05,-100,-100
0.00010969945,-100,-100
9.233033e-05,-100,-100
9.4270035e-05,-100,-100
8.201627e-05,-100,-100
8.710562e-05,-100,-100
0.00012927363,-100,-100
8.622988e-05,-100,-100
