pt_ms,pt_tf,ms_tf
0.82230765,-100,-100
0.81796163,-100,-100
0.833122,-100,-100
0.8362117,-100,-100
0.8504139,-100,-100
0.8731388,-100,-100
0.87180257,-100,-100
0.87643194,-100,-100
0.87800163,-100,-100
0.86715233,-100,-100
0.868236,-100,-100
0.8712747,-100,-100
0.8714458,-100,-100
0.8665967,-100,-100
0.8208004,-100,-100
0.83051306,-100,-100
0.8323501,-100,-100
0.8392043,-100,-100
0.8402783,-100,-100
0.8374373,-100,-100
