pt_ms,pt_tf,ms_tf
0.84966177,-100,-100
0.8500564,-100,-100
0.8524186,-100,-100
0.8620881,-100,-100
0.85354596,-100,-100
0.84410906,-100,-100
0.84461755,-100,-100
,-100,-100
,-100,-100
,-100,-100
,-100,-100
,-100,-100
,-100,-100
,-100,-100
,-100,-100
,-100,-100
,-100,-100
,-100,-100
,-100,-100
,-100,-100
