pt_ms,pt_tf,ms_tf
0.5735113,-100,-100
220.09093,-100,-100
242.91638,-100,-100
4866.392,-100,-100
1674045.9,-100,-100
1674026.8,-100,-100
1674074.8,-100,-100
0.10944239,-100,-100
16.980295,-100,-100
16.980295,-100,-100
16.980295,-100,-100
966.129,-100,-100
966.129,-100,-100
966.129,-100,-100
966.129,-100,-100
966.129,-100,-100
966.129,-100,-100
966.129,-100,-100
966.129,-100,-100
819430.06,-100,-100
