pt_ms,pt_tf,ms_tf
1.223869,-100,-100
8.569885,-100,-100
23.48995,-100,-100
1409.4009,-100,-100
0.5944108,-100,-100
0.5947099,-100,-100
0.6053366,-100,-100
154.96626,-100,-100
152.19131,-100,-100
151.30876,-100,-100
151.30876,-100,-100
151.30879,-100,-100
38735.05,-100,-100
38961.65,-100,-100
38961.652,-100,-100
38957.664,-100,-100
38957.664,-100,-100
38957.625,-100,-100
38957.625,-100,-100
509.2747,-100,-100
