pt_ms,pt_tf,ms_tf
5.1520477e-05,-100,-100
0.34230068,-100,-100
0.34230125,-100,-100
0.15887214,-100,-100
0.0010105572,-100,-100
157.64616,-100,-100
158.7079,-100,-100
158.7079,-100,-100
158.33562,-100,-100
158.58109,-100,-100
217.86752,-100,-100
206.81561,-100,-100
156.53952,-100,-100
156.50166,-100,-100
163.57477,-100,-100
211.8236,-100,-100
211.47037,-100,-100
67638.195,-100,-100
67745.35,-100,-100
52810.36,-100,-100
