pt_ms,pt_tf,ms_tf
0.07115256,-100,-100
0.28862914,-100,-100
0.034496725,-100,-100
0.3564786,-100,-100
0.4209557,-100,-100
0.40294304,-100,-100
0.43490958,-100,-100
0.45167175,-100,-100
0.45203578,-100,-100
0.45876375,-100,-100
0.43814838,-100,-100
0.45073298,-100,-100
0.4601185,-100,-100
0.45933056,-100,-100
0.22249153,-100,-100
0.22037664,-100,-100
0.22005238,-100,-100
0.37911546,-100,-100
0.44183055,-100,-100
0.46277276,-100,-100
