pt_ms,pt_tf,ms_tf
1.0487033,-100,-100
1.0487033,-100,-100
1002142.6,-100,-100
1002142.6,-100,-100
1002142.6,-100,-100
1002142.6,-100,-100
1002142.6,-100,-100
1002142.6,-100,-100
1002142.6,-100,-100
4104776200.0,-100,-100
16813149000000.0,-100,-100
6.8866657e+16,-100,-100
0.0,-100,-100
0.0,-100,-100
0.0,-100,-100
0.0,-100,-100
0.0,-100,-100
0.0,-100,-100
0.0,-100,-100
0.0,-100,-100
