pt_ms,pt_tf,ms_tf
1.7814995,-100,-100
1.6554509,-100,-100
1.0009366,-100,-100
1.0009366,-100,-100
1.0009366,-100,-100
360.06677,-100,-100
360.06677,-100,-100
736.06946,-100,-100
1283.162,-100,-100
115865.9,-100,-100
556.12396,-100,-100
360.06677,-100,-100
1230.5352,-100,-100
360.06677,-100,-100
129988.24,-100,-100
129988.24,-100,-100
1372.5609,-100,-100
1372.5609,-100,-100
1372.5609,-100,-100
1372.5609,-100,-100
