pt_ms,pt_tf,ms_tf
0.57184905,-100,-100
0.97564393,-100,-100
0.7849647,-100,-100
3.876703,-100,-100
2.3456583,-100,-100
2.271057,-100,-100
4.242604,-100,-100
6.621037,-100,-100
8.184289,-100,-100
29.30935,-100,-100
