pt_ms,pt_tf,ms_tf
0.6971612,-100,-100
0.89709187,-100,-100
1.0312479,-100,-100
1.0918826,-100,-100
1.0918826,-100,-100
1.0918826,-100,-100
1.0918826,-100,-100
1.0918826,-100,-100
1.0918826,-100,-100
1.0918826,-100,-100
