pt_ms,pt_tf,ms_tf
2.8566054e-05,4.473739e-05,6.180485e-05
0.00020585321,0.00028613873,0.00028569927
0.00092632306,0.00081894075,0.00073600176
0.021866912,0.010155099,0.024002278
0.25982872,0.22850312,0.20941688
0.21990457,0.17032263,0.23655625
0.21990457,0.17032263,0.23655625
0.21990457,0.21300256,0.24701422
0.21990457,0.17111696,0.22881658
0.21990457,0.16975945,0.24355286
