pt_ms,pt_tf,ms_tf
1.2233513e-05,1.0465586e-05,9.636728e-06
10.699722,7.799076,10.06668
24224.97,22906.695,18928.443
173658980.0,163478320.0,86134750.0
1082123900.0,1124828200.0,594867140.0
1082123900.0,1127077200.0,579215170.0
1082123900.0,1124828200.0,594867140.0
1082123900.0,1194524400.0,640640400.0
1082123900.0,1124828200.0,594867140.0
1082123900.0,1124828200.0,594867140.0
