pt_ms,pt_tf,ms_tf
0.00640154,-100,-100
0.0073628235,-100,-100
0.010331921,-100,-100
0.017639609,-100,-100
0.021691335,-100,-100
0.045250192,-100,-100
0.057394847,-100,-100
0.0785357,-100,-100
0.10688561,-100,-100
0.14274432,-100,-100
