pt_ms,pt_tf,ms_tf
4.9229267e-05,-100,-100
5.726469e-05,-100,-100
5.675043e-05,-100,-100
6.269092e-05,-100,-100
6.87212e-05,-100,-100
5.697021e-05,-100,-100
6.365553e-05,-100,-100
5.4418153e-05,-100,-100
5.7054425e-05,-100,-100
5.7054407e-05,-100,-100
