pt_ms,pt_tf,ms_tf
1.7795889,-100,-100
8.515191,-100,-100
8.515191,-100,-100
8.515191,-100,-100
8.515191,-100,-100
