pt_ms,pt_tf,ms_tf
1.1799016,-100,-100
1.3242247,-100,-100
1.1614212,-100,-100
1.2015216,-100,-100
5.7603655,-100,-100
13.247134,-100,-100
8.41047,-100,-100
27.375923,-100,-100
252.21248,-100,-100
224.97482,-100,-100
