mstorch_pt_ms,mstorch_pt_tf,mstorch_ms_tf,mstorch_lasttwo_dist,ms_distance,torch_distance,if_success
1.7795889,-100,-100,0.09387086,1.7938573,39.21189,True
8.515191,-100,-100,0.41988954,37.043564,7.707835,True
8.515191,-100,-100,0.41988954,37.043564,39.21189,False
8.515191,-100,-100,0.41988954,37.043564,39.21189,False
8.515191,-100,-100,0.41988954,37.043564,39.21189,False
