pt_ms,pt_tf,ms_tf
0.5366396,-100,-100
0.4332459,-100,-100
0.12126184,-100,-100
0.51184183,-100,-100
0.5676393,-100,-100
0.37637705,-100,-100
0.45259166,-100,-100
0.4859629,-100,-100
0.44775218,-100,-100
0.39447257,-100,-100
0.48096153,-100,-100
0.52334875,-100,-100
0.48096153,-100,-100
0.50620675,-100,-100
0.17200728,-100,-100
0.30917394,-100,-100
0.101243705,-100,-100
0.1236614,-100,-100
0.11083455,-100,-100
0.30180374,-100,-100
