pt_ms,pt_tf,ms_tf
0.26122245,-100,-100
0.28052115,-100,-100
0.27026355,-100,-100
0.26560837,-100,-100
0.23189019,-100,-100
0.21019898,-100,-100
0.14900534,-100,-100
0.2750232,-100,-100
0.22700568,-100,-100
0.21145374,-100,-100
0.3101649,-100,-100
0.12587269,-100,-100
0.12217785,-100,-100
0.11614097,-100,-100
0.12902346,-100,-100
0.122639254,-100,-100
0.13847813,-100,-100
0.13849606,-100,-100
0.13833515,-100,-100
0.14884944,-100,-100
