pt_ms,pt_tf,ms_tf
8.5422835e-05,-100,-100
3.4237528e-05,-100,-100
3.6916394e-05,-100,-100
5.6786343e-05,-100,-100
4.2719366e-05,-100,-100
0.000112652575,-100,-100
2.1515403e-05,-100,-100
2.1515416e-05,-100,-100
6.770755e-05,-100,-100
3.912778e-05,-100,-100
3.9146642e-05,-100,-100
1.9939602e-05,-100,-100
8.6383625e-06,-100,-100
5.8897563e-06,-100,-100
1.4518035e-05,-100,-100
3.2197553e-05,-100,-100
0.00010992632,-100,-100
7.624994e-05,-100,-100
2.2114355e-05,-100,-100
3.4459852e-05,-100,-100
