pt_ms,pt_tf,ms_tf
0.12294239,-100,-100
0.042392906,-100,-100
0.03760427,-100,-100
0.009471391,-100,-100
0.9298111,-100,-100
0.033117857,-100,-100
1.0264237,-100,-100
1.3556848,-100,-100
0.54371345,-100,-100
0.67117065,-100,-100
0.0732343,-100,-100
0.09095419,-100,-100
0.090936996,-100,-100
0.10636923,-100,-100
0.0168042,-100,-100
0.020305863,-100,-100
0.01842109,-100,-100
0.93419874,-100,-100
0.009226204,-100,-100
0.19114235,-100,-100
