pt_ms,pt_tf,ms_tf
0.070461534,-100,-100
0.070461534,-100,-100
0.070461534,-100,-100
0.070461534,-100,-100
0.070461534,-100,-100
0.070461534,-100,-100
0.070461534,-100,-100
0.070461534,-100,-100
0.070461534,-100,-100
0.070461534,-100,-100
0.070461534,-100,-100
0.070461534,-100,-100
0.070461534,-100,-100
0.070461534,-100,-100
0.070461534,-100,-100
0.070461534,-100,-100
0.070461534,-100,-100
0.070461534,-100,-100
0.070461534,-100,-100
0.070461534,-100,-100
