pt_ms,pt_tf,ms_tf
0.53005916,-100,-100
0.5235962,-100,-100
0.5201567,-100,-100
0.5204501,-100,-100
0.5204501,-100,-100
0.5204501,-100,-100
0.5204501,-100,-100
0.5204501,-100,-100
0.5204501,-100,-100
0.5204501,-100,-100
0.5204501,-100,-100
0.5204501,-100,-100
0.5204501,-100,-100
0.5204501,-100,-100
0.5204501,-100,-100
0.5204501,-100,-100
0.5204501,-100,-100
0.5204501,-100,-100
0.5204501,-100,-100
0.5204501,-100,-100
