pt_ms,pt_tf,ms_tf
0.64707416,-100,-100
0.63036394,-100,-100
0.6296791,-100,-100
0.6299189,-100,-100
0.625725,-100,-100
0.625725,-100,-100
0.625725,-100,-100
0.625725,-100,-100
0.625725,-100,-100
0.625725,-100,-100
0.625725,-100,-100
0.625725,-100,-100
0.625725,-100,-100
0.625725,-100,-100
0.625725,-100,-100
0.625725,-100,-100
0.625725,-100,-100
0.625725,-100,-100
0.625725,-100,-100
0.625725,-100,-100
