pt_ms,pt_tf,ms_tf
5.1520463e-05,-100,-100
5.1520474e-05,-100,-100
5.152045e-05,-100,-100
5.1520463e-05,-100,-100
5.152048e-05,-100,-100
5.1520477e-05,-100,-100
5.1520456e-05,-100,-100
5.152047e-05,-100,-100
5.1520463e-05,-100,-100
5.1520456e-05,-100,-100
5.1520463e-05,-100,-100
5.152045e-05,-100,-100
5.1520456e-05,-100,-100
5.1520467e-05,-100,-100
5.152046e-05,-100,-100
5.1520445e-05,-100,-100
5.152046e-05,-100,-100
5.1520467e-05,-100,-100
5.1520492e-05,-100,-100
5.152045e-05,-100,-100
