pt_ms,pt_tf,ms_tf
5.1520456e-05,-100,-100
5.1520463e-05,-100,-100
5.1520474e-05,-100,-100
5.1520463e-05,-100,-100
5.1520467e-05,-100,-100
5.152047e-05,-100,-100
5.1520463e-05,-100,-100
5.1520485e-05,-100,-100
5.1520463e-05,-100,-100
5.1520456e-05,-100,-100
5.1520467e-05,-100,-100
5.152046e-05,-100,-100
5.152047e-05,-100,-100
5.152046e-05,-100,-100
5.1520452e-05,-100,-100
5.1520474e-05,-100,-100
5.1520463e-05,-100,-100
5.1520477e-05,-100,-100
5.1520467e-05,-100,-100
5.152047e-05,-100,-100
