pt_ms,pt_tf,ms_tf
0.17575733,-100,-100
0.056404024,-100,-100
5.7026746e-06,-100,-100
5.7026746e-06,-100,-100
5.7026746e-06,-100,-100
5.7026746e-06,-100,-100
5.7026746e-06,-100,-100
5.7026746e-06,-100,-100
5.7026746e-06,-100,-100
5.7026746e-06,-100,-100
5.7026746e-06,-100,-100
5.7026746e-06,-100,-100
5.7026746e-06,-100,-100
5.7026746e-06,-100,-100
5.7026746e-06,-100,-100
5.7026746e-06,-100,-100
5.7026746e-06,-100,-100
5.7026746e-06,-100,-100
5.7026746e-06,-100,-100
5.7026746e-06,-100,-100
