pt_ms,pt_tf,ms_tf
6.0383438e-05,-100,-100
5.188855e-05,-100,-100
5.5790602e-05,-100,-100
4.9287537e-05,-100,-100
4.8250724e-05,-100,-100
5.24543e-05,-100,-100
4.659378e-05,-100,-100
4.724505e-05,-100,-100
4.4757573e-05,-100,-100
6.5875836e-05,-100,-100
6.599614e-05,-100,-100
6.696937e-05,-100,-100
6.633838e-05,-100,-100
5.665425e-05,-100,-100
6.133347e-05,-100,-100
7.9004705e-05,-100,-100
8.76934e-05,-100,-100
7.7788114e-05,-100,-100
7.533115e-05,-100,-100
6.993634e-05,-100,-100
