pt_ms,pt_tf,ms_tf
3.577488e-06,-100,-100
3.5744872e-06,-100,-100
3.8420926e-06,-100,-100
3.8569506e-06,-100,-100
3.8569506e-06,-100,-100
3.8569506e-06,-100,-100
3.8569506e-06,-100,-100
3.8569506e-06,-100,-100
3.8569506e-06,-100,-100
3.8569506e-06,-100,-100
3.8568587e-06,-100,-100
3.8568587e-06,-100,-100
3.8568587e-06,-100,-100
3.8568587e-06,-100,-100
3.988442e-06,-100,-100
3.9883166e-06,-100,-100
3.9883166e-06,-100,-100
3.966136e-06,-100,-100
3.966136e-06,-100,-100
3.966136e-06,-100,-100
