pt_ms,pt_tf,ms_tf
0.00013250943,-100,-100
0.00014279976,-100,-100
0.00012109138,-100,-100
0.00013276457,-100,-100
0.00010563344,-100,-100
0.000118552874,-100,-100
0.00012541792,-100,-100
0.00013100306,-100,-100
0.000119449185,-100,-100
0.00012671361,-100,-100
0.00011119799,-100,-100
9.6858115e-05,-100,-100
9.316778e-05,-100,-100
8.95282e-05,-100,-100
8.4874584e-05,-100,-100
9.687916e-05,-100,-100
0.00010242824,-100,-100
0.00010811973,-100,-100
9.5103285e-05,-100,-100
0.000101131154,-100,-100
