pt_ms,pt_tf,ms_tf
0.0003402233,-100,-100
0.0003402233,-100,-100
0.0003387928,-100,-100
0.00033581257,-100,-100
0.0003374815,-100,-100
0.0003402233,-100,-100
0.0003387928,-100,-100
0.0003374815,-100,-100
0.0003374815,-100,-100
0.0003374815,-100,-100
0.00034749508,-100,-100
0.0003439188,-100,-100
0.00035429,-100,-100
0.00034749508,-100,-100
0.00034749508,-100,-100
0.00034070015,-100,-100
0.0003439188,-100,-100
0.00034749508,-100,-100
0.0003374815,-100,-100
0.00035071373,-100,-100
