pt_ms,pt_tf,ms_tf
0.0011399933,-100,-100
0.0015583743,-100,-100
0.0036095297,-100,-100
0.004565297,-100,-100
0.0045538726,-100,-100
0.004648963,-100,-100
0.0042995256,-100,-100
,-100,-100
,-100,-100
,-100,-100
,-100,-100
,-100,-100
,-100,-100
,-100,-100
,-100,-100
,-100,-100
,-100,-100
,-100,-100
,-100,-100
,-100,-100
