pt_ms,pt_tf,ms_tf
0.00037777424,-100,-100
0.0003259182,-100,-100
0.0002719164,-100,-100
0.00032401085,-100,-100
0.00031507015,-100,-100
0.00028324127,-100,-100
0.0003244877,-100,-100
0.00039076805,-100,-100
0.0003746748,-100,-100
0.00041747093,-100,-100
0.0003079176,-100,-100
0.00033664703,-100,-100
8.606911e-05,-100,-100
4.8279762e-05,-100,-100
7.224083e-05,-100,-100
0.00010430813,-100,-100
0.00012242794,-100,-100
0.00011456013,-100,-100
0.00014138222,-100,-100
2.670288e-05,-100,-100
