pt_ms,pt_tf,ms_tf
0.53592557,-100,-100
0.53592557,-100,-100
0.53592557,-100,-100
0.53592557,-100,-100
2.0176697,-100,-100
2.0176697,-100,-100
2.0176697,-100,-100
2.0176697,-100,-100
2.0176697,-100,-100
2.0176697,-100,-100
2.0176697,-100,-100
2.0176697,-100,-100
2.0176697,-100,-100
2.0176697,-100,-100
2.0176697,-100,-100
2.0176697,-100,-100
2.0176697,-100,-100
2.0176697,-100,-100
2.0176697,-100,-100
2.0176697,-100,-100
