pt_ms,pt_tf,ms_tf
2.2149985,-100,-100
2118.7466,-100,-100
125040.64,-100,-100
8270555600.0,-100,-100
18833687000000.0,-100,-100
2.44959e+17,-100,-100
3.4628197e+19,-100,-100
3.7061065e+23,-100,-100
5.2528557e+26,-100,-100
2.0712504e+31,-100,-100
inf,-100,-100
,-100,-100
,-100,-100
,-100,-100
,-100,-100
,-100,-100
,-100,-100
,-100,-100
,-100,-100
,-100,-100
