pt_ms,pt_tf,ms_tf
5.67591e-05,-100,-100
4.523711e-05,-100,-100
7.036857e-05,-100,-100
5.9327038e-05,-100,-100
7.003251e-05,-100,-100
9.473922e-05,-100,-100
9.4739225e-05,-100,-100
9.473921e-05,-100,-100
9.47392e-05,-100,-100
9.47392e-05,-100,-100
9.47392e-05,-100,-100
9.47392e-05,-100,-100
9.47392e-05,-100,-100
9.473921e-05,-100,-100
9.47392e-05,-100,-100
9.473924e-05,-100,-100
9.4739225e-05,-100,-100
9.473922e-05,-100,-100
9.473921e-05,-100,-100
9.47392e-05,-100,-100
