pt_ms,pt_tf,ms_tf
4.6697423e-05,-100,-100
8.196077e-05,-100,-100
0.00010882151,-100,-100
2.5163154e-05,-100,-100
2.8113353e-05,-100,-100
2.5060055e-05,-100,-100
2.1374624e-05,-100,-100
2.1374628e-05,-100,-100
2.1374644e-05,-100,-100
2.1374639e-05,-100,-100
2.1374632e-05,-100,-100
2.1374626e-05,-100,-100
2.137463e-05,-100,-100
2.1374632e-05,-100,-100
2.1374639e-05,-100,-100
2.1374633e-05,-100,-100
2.1374643e-05,-100,-100
2.1374633e-05,-100,-100
2.1374643e-05,-100,-100
2.1374623e-05,-100,-100
