pt_ms,pt_tf,ms_tf
1.061932,-100,-100
0.15667093,-100,-100
0.15667093,-100,-100
0.15667093,-100,-100
0.15667093,-100,-100
0.15667093,-100,-100
0.15667093,-100,-100
0.15667093,-100,-100
0.15667093,-100,-100
0.15667093,-100,-100
0.15667093,-100,-100
0.15667093,-100,-100
0.15667093,-100,-100
0.15667093,-100,-100
0.15667093,-100,-100
0.15667093,-100,-100
0.15667093,-100,-100
0.15667093,-100,-100
0.15667093,-100,-100
0.15667093,-100,-100
