pt_ms,pt_tf,ms_tf
2.347946,-100,-100
2.5483673,-100,-100
2.8446212,-100,-100
1.2173913,-100,-100
2.5134983,-100,-100
2.4809754,-100,-100
2.4825308,-100,-100
2.4844072,-100,-100
5.6735005,-100,-100
5.6735005,-100,-100
5.705945,-100,-100
10.478661,-100,-100
10.478661,-100,-100
10.478661,-100,-100
10.478661,-100,-100
10.478661,-100,-100
10.478661,-100,-100
10.478661,-100,-100
10.478661,-100,-100
10.478661,-100,-100
