pt_ms,pt_tf,ms_tf
0.3190778,-100,-100
0.32647905,-100,-100
0.36439767,-100,-100
0.3637108,-100,-100
0.36345378,-100,-100
0.36345378,-100,-100
0.36345378,-100,-100
0.36345378,-100,-100
0.36345378,-100,-100
0.36345378,-100,-100
0.36345378,-100,-100
0.36345378,-100,-100
0.36345378,-100,-100
0.36345378,-100,-100
0.36345378,-100,-100
0.36345378,-100,-100
0.36345378,-100,-100
0.36345378,-100,-100
0.36345378,-100,-100
0.36345378,-100,-100
