pt_ms,pt_tf,ms_tf
5.015158e-05,-100,-100
6.98848e-05,-100,-100
5.5456756e-05,-100,-100
0.0,-100,-100
0.0,-100,-100
0.0,-100,-100
0.0,-100,-100
0.0,-100,-100
0.0,-100,-100
0.0,-100,-100
0.0,-100,-100
0.0,-100,-100
0.0,-100,-100
0.0,-100,-100
0.0,-100,-100
0.0,-100,-100
0.0,-100,-100
0.0,-100,-100
0.0,-100,-100
0.0,-100,-100
