pt_ms,pt_tf,ms_tf
4.631768e-05,-100,-100
4.338028e-05,-100,-100
0.0,-100,-100
0.0,-100,-100
0.0,-100,-100
0.0,-100,-100
0.0,-100,-100
0.0,-100,-100
0.0,-100,-100
0.0,-100,-100
0.0,-100,-100
0.0,-100,-100
0.0,-100,-100
0.0,-100,-100
0.0,-100,-100
0.0,-100,-100
0.0,-100,-100
0.0,-100,-100
0.0,-100,-100
0.0,-100,-100
