pt_ms,pt_tf,ms_tf
0.8403263,-100,-100
0.86826056,-100,-100
0.87094724,-100,-100
0.84949875,-100,-100
0.84949875,-100,-100
0.84949875,-100,-100
0.84949875,-100,-100
0.84949875,-100,-100
0.84949875,-100,-100
0.84949875,-100,-100
0.84949875,-100,-100
0.84949875,-100,-100
0.84949875,-100,-100
0.84949875,-100,-100
0.84949875,-100,-100
0.84949875,-100,-100
0.84949875,-100,-100
0.84949875,-100,-100
0.84949875,-100,-100
0.84949875,-100,-100
