pt_ms,pt_tf,ms_tf
0.17000414,-100,-100
0.048140373,-100,-100
0.00033880025,-100,-100
5.7026746e-06,-100,-100
5.7026746e-06,-100,-100
5.7026746e-06,-100,-100
5.7026746e-06,-100,-100
5.7026746e-06,-100,-100
5.7026746e-06,-100,-100
5.7026746e-06,-100,-100
5.7026746e-06,-100,-100
5.7026746e-06,-100,-100
5.7026746e-06,-100,-100
5.7026746e-06,-100,-100
5.7026746e-06,-100,-100
5.7026746e-06,-100,-100
5.7026746e-06,-100,-100
5.7026746e-06,-100,-100
5.7026746e-06,-100,-100
5.7026746e-06,-100,-100
