pt_ms,pt_tf,ms_tf
0.68458664,-100,-100
0.64034176,-100,-100
0.6340108,-100,-100
0.6337687,-100,-100
0.6337687,-100,-100
0.6337687,-100,-100
0.6337687,-100,-100
0.6337687,-100,-100
0.6337687,-100,-100
0.6337687,-100,-100
0.6337687,-100,-100
0.6337687,-100,-100
0.6337687,-100,-100
0.6337687,-100,-100
0.6337687,-100,-100
0.6337687,-100,-100
0.6337687,-100,-100
0.6337687,-100,-100
0.6337687,-100,-100
0.6337687,-100,-100
