pt_ms,pt_tf,ms_tf
6.5812885e-05,-100,-100
5.815261e-05,-100,-100
5.264283e-05,-100,-100
5.3753596e-05,-100,-100
5.3753596e-05,-100,-100
5.3753596e-05,-100,-100
5.3753596e-05,-100,-100
5.3753596e-05,-100,-100
5.3753596e-05,-100,-100
5.3753596e-05,-100,-100
5.3753596e-05,-100,-100
5.3753596e-05,-100,-100
5.3753596e-05,-100,-100
5.3753596e-05,-100,-100
5.3753596e-05,-100,-100
5.3753596e-05,-100,-100
5.3753596e-05,-100,-100
5.3753596e-05,-100,-100
5.3753596e-05,-100,-100
5.3753596e-05,-100,-100
