pt_ms,pt_tf,ms_tf
0.00012783216,-100,-100
9.945109e-05,-100,-100
7.395192e-05,-100,-100
7.195877e-05,-100,-100
7.195877e-05,-100,-100
7.195877e-05,-100,-100
7.195877e-05,-100,-100
7.195877e-05,-100,-100
7.195877e-05,-100,-100
7.195877e-05,-100,-100
7.195877e-05,-100,-100
7.195877e-05,-100,-100
7.195877e-05,-100,-100
7.195877e-05,-100,-100
7.195877e-05,-100,-100
7.195877e-05,-100,-100
7.195877e-05,-100,-100
7.195877e-05,-100,-100
7.195877e-05,-100,-100
7.195877e-05,-100,-100
