pt_ms,pt_tf,ms_tf
2.3993946e-06,-100,-100
2.3993946e-06,-100,-100
2.3993946e-06,-100,-100
2.3993946e-06,-100,-100
2.3993946e-06,-100,-100
2.3993946e-06,-100,-100
2.3993946e-06,-100,-100
2.3993946e-06,-100,-100
2.3993946e-06,-100,-100
2.3993946e-06,-100,-100
2.3993946e-06,-100,-100
2.3993946e-06,-100,-100
2.3993946e-06,-100,-100
2.3993946e-06,-100,-100
2.3993946e-06,-100,-100
2.3993946e-06,-100,-100
2.3993946e-06,-100,-100
2.3993946e-06,-100,-100
2.3993946e-06,-100,-100
2.3993946e-06,-100,-100
