pt_ms,pt_tf,ms_tf
5.093031e-05,-100,-100
6.393037e-05,-100,-100
3.3283046e-05,-100,-100
0.0,-100,-100
0.0,-100,-100
0.0,-100,-100
0.0,-100,-100
0.0,-100,-100
0.0,-100,-100
0.0,-100,-100
0.0,-100,-100
0.0,-100,-100
0.0,-100,-100
0.0,-100,-100
0.0,-100,-100
0.0,-100,-100
0.0,-100,-100
0.0,-100,-100
0.0,-100,-100
0.0,-100,-100
