pt_ms,pt_tf,ms_tf
0.0003104806,-100,-100
0.00030642748,-100,-100
0.00030052662,-100,-100
0.00030052662,-100,-100
0.00030052662,-100,-100
0.00030052662,-100,-100
0.00030052662,-100,-100
0.00030052662,-100,-100
0.00030052662,-100,-100
0.00030052662,-100,-100
0.00030052662,-100,-100
0.00030052662,-100,-100
0.00030052662,-100,-100
0.00030052662,-100,-100
0.00030052662,-100,-100
0.00030052662,-100,-100
0.00030052662,-100,-100
0.00030052662,-100,-100
0.00030052662,-100,-100
0.00030052662,-100,-100
