pt_ms,pt_tf,ms_tf
1.0781494,-100,-100
1.0266877,-100,-100
1.1006583,-100,-100
1.1006583,-100,-100
1.1006583,-100,-100
1.1006583,-100,-100
1.1006583,-100,-100
1.1006583,-100,-100
1.1006583,-100,-100
1.1006583,-100,-100
1.1006583,-100,-100
1.1006583,-100,-100
1.1006583,-100,-100
1.1006583,-100,-100
1.1006583,-100,-100
1.1006583,-100,-100
1.1006583,-100,-100
1.1006583,-100,-100
1.1006583,-100,-100
1.1006583,-100,-100
