pt_ms,pt_tf,ms_tf
0.25903976,-100,-100
0.25183737,-100,-100
0.2515726,-100,-100
0.2515726,-100,-100
0.2515726,-100,-100
0.2515726,-100,-100
0.2515726,-100,-100
0.2515726,-100,-100
0.2515726,-100,-100
0.2515726,-100,-100
0.2515726,-100,-100
0.2515726,-100,-100
0.2515726,-100,-100
0.2515726,-100,-100
0.2515726,-100,-100
0.2515726,-100,-100
0.2515726,-100,-100
0.2515726,-100,-100
0.2515726,-100,-100
0.2515726,-100,-100
