pt_ms,pt_tf,ms_tf
0.051097915,-100,-100
0.036780268,-100,-100
0.036780268,-100,-100
0.02856618,-100,-100
0.02856618,-100,-100
0.029739909,-100,-100
0.029739909,-100,-100
0.01858053,-100,-100
0.01858053,-100,-100
0.005973592,-100,-100
