pt_ms,pt_tf,ms_tf
0.00069348456,-100,-100
0.0015822668,-100,-100
0.003970838,-100,-100
0.002553423,-100,-100
4.705794e-05,-100,-100
0.0018505172,-100,-100
0.0001295253,-100,-100
0.0012032117,-100,-100
0.0013039116,-100,-100
0.0050292946,-100,-100
0.00066504645,-100,-100
0.03414059,-100,-100
0.03414021,-100,-100
0.01982645,-100,-100
0.019718904,-100,-100
0.016200576,-100,-100
0.016200276,-100,-100
0.016203426,-100,-100
0.037160076,-100,-100
0.022683503,-100,-100
