pt_ms,pt_tf,ms_tf
0.008605562,-100,-100
0.009173452,-100,-100
0.071140744,-100,-100
0.7212914,-100,-100
0.7207763,-100,-100
0.7213857,-100,-100
0.7214143,-100,-100
0.7167402,-100,-100
0.7191698,-100,-100
0.4151324,-100,-100
0.41533893,-100,-100
0.4328023,-100,-100
0.4337476,-100,-100
0.43199742,-100,-100
0.43410203,-100,-100
0.4331571,-100,-100
0.43341663,-100,-100
0.43087715,-100,-100
0.431366,-100,-100
0.64233667,-100,-100
