pt_ms,pt_tf,ms_tf
1.6333963e-06,-100,-100
4.0800708e-07,-100,-100
2.979447e-05,-100,-100
0.0054829554,-100,-100
3.0875435e-05,-100,-100
3.0669682e-05,-100,-100
0.0033218462,-100,-100
0.002401351,-100,-100
0.00032570964,-100,-100
0.0050155376,-100,-100
7.5019045e-05,-100,-100
4.678366e-05,-100,-100
0.00013637687,-100,-100
9.3715294e-05,-100,-100
8.7638015e-05,-100,-100
9.3799215e-05,-100,-100
9.3799215e-05,-100,-100
0.00027450794,-100,-100
0.0001929435,-100,-100
0.00058240414,-100,-100
