pt_ms,pt_tf,ms_tf
5.9898877e-05,-100,-100
7.399891e-05,-100,-100
1.9374727e-05,-100,-100
2.4849878e-05,-100,-100
3.657339e-05,-100,-100
0.018240739,-100,-100
0.016422208,-100,-100
0.02324369,-100,-100
0.025270404,-100,-100
0.04220234,-100,-100
0.020819163,-100,-100
0.006165251,-100,-100
0.010483765,-100,-100
0.0100684175,-100,-100
0.033217784,-100,-100
0.13559352,-100,-100
0.13559352,-100,-100
0.009057721,-100,-100
0.100399524,-100,-100
0.005206829,-100,-100
