pt_ms,pt_tf,ms_tf
0.021581411,-100,-100
0.9805017,-100,-100
0.9805017,-100,-100
0.9805017,-100,-100
0.9805017,-100,-100
0.9805017,-100,-100
0.041024566,-100,-100
0.05429709,-100,-100
0.012936711,-100,-100
0.034854054,-100,-100
