pt_ms,pt_tf,ms_tf
0.9674832,-100,-100
0.9674832,-100,-100
1.099814,-100,-100
0.85201013,-100,-100
0.84827995,-100,-100
0.84806246,-100,-100
0.8448211,-100,-100
3.1837614,-100,-100
2.8676538,-100,-100
4.9090323,-100,-100
2.7331953,-100,-100
2.1769996,-100,-100
2.0320656,-100,-100
2.4512815,-100,-100
2.451395,-100,-100
2.4510741,-100,-100
2.4515815,-100,-100
2.6263137,-100,-100
2.6277454,-100,-100
2.6265142,-100,-100
