pt_ms,pt_tf,ms_tf
0.24177992,-100,-100
0.07594651,-100,-100
0.07594651,-100,-100
0.07594651,-100,-100
0.07594652,-100,-100
0.07594651,-100,-100
0.07594652,-100,-100
0.07594651,-100,-100
0.07594651,-100,-100
0.07594651,-100,-100
0.07594651,-100,-100
0.07594651,-100,-100
0.07594651,-100,-100
0.07594651,-100,-100
0.07594651,-100,-100
0.07594651,-100,-100
0.07594652,-100,-100
0.07594652,-100,-100
0.07594651,-100,-100
0.07594651,-100,-100
