pt_ms,pt_tf,ms_tf
0.06550354,-100,-100
0.033575792,-100,-100
0.033575792,-100,-100
0.033575792,-100,-100
0.033575792,-100,-100
0.033575792,-100,-100
0.033575792,-100,-100
0.033575792,-100,-100
0.033575792,-100,-100
0.033575792,-100,-100
