pt_ms,pt_tf,ms_tf
0.34474677,-100,-100
4.9868283,-100,-100
2.9567058,-100,-100
8.196037,-100,-100
0.539427,-100,-100
0.8626967,-100,-100
0.31833476,-100,-100
3.4576483,-100,-100
1.1524196,-100,-100
2.5079844,-100,-100
