pt_ms,pt_tf,ms_tf
3.3175204e-06,8.1275874e-07,2.6719256e-06
9.077146e-06,7.2939238e-06,6.170738e-06
9.077146e-06,7.2939238e-06,6.170738e-06
9.077146e-06,7.2939238e-06,6.170738e-06
9.077146e-06,7.2939238e-06,6.170738e-06
9.077146e-06,6.6018874e-06,6.7815104e-06
9.077146e-06,6.6018874e-06,6.7815104e-06
9.077146e-06,6.6018874e-06,6.7815104e-06
9.077146e-06,6.6018874e-06,6.7815104e-06
9.077146e-06,6.6018874e-06,6.7815104e-06
