pt_ms,pt_tf,ms_tf
7.576767e-05,-100,-100
3.7833837e-05,-100,-100
3.783387e-05,-100,-100
3.783387e-05,-100,-100
3.7833863e-05,-100,-100
3.7833866e-05,-100,-100
3.783383e-05,-100,-100
3.783385e-05,-100,-100
3.7833863e-05,-100,-100
3.783386e-05,-100,-100
