pt_ms,pt_tf,ms_tf
5.0027076e-05,-100,-100
5.700085e-05,-100,-100
5.7000856e-05,-100,-100
5.7000856e-05,-100,-100
5.700085e-05,-100,-100
5.7000834e-05,-100,-100
5.7000856e-05,-100,-100
5.700084e-05,-100,-100
5.7000856e-05,-100,-100
5.7000867e-05,-100,-100
