pt_ms,pt_tf,ms_tf
1.0259897,-100,-100
0.8705172,-100,-100
0.8705172,-100,-100
0.8705172,-100,-100
0.29280978,-100,-100
0.29280978,-100,-100
8.487701e-06,-100,-100
8.487701e-06,-100,-100
8.487701e-06,-100,-100
8.487701e-06,-100,-100
