mstorch_pt_ms,mstorch_pt_tf,mstorch_ms_tf,mstorch_lasttwo_dist,ms_distance,torch_distance,if_success
1.081202,-100,-100,0.051911764,0.0,1.0473573,True
0.31921655,-100,-100,0.08625865,6.6905785,6.406495,True
0.31921655,-100,-100,0.08625865,6.6905785,1.0473573,True
0.31921655,-100,-100,0.08625865,6.6905785,1.0473573,False
0.31921655,-100,-100,0.08625865,6.6905785,1.0473573,False
