pt_ms,pt_tf,ms_tf
1.081202,-100,-100
0.31921655,-100,-100
0.31921655,-100,-100
0.31921655,-100,-100
0.31921655,-100,-100
