pt_ms,pt_tf,ms_tf
0.066042714,-100,-100
0.066042714,-100,-100
0.066042714,-100,-100
0.066042714,-100,-100
0.066042714,-100,-100
0.066042714,-100,-100
0.066042714,-100,-100
0.066042714,-100,-100
0.066042714,-100,-100
0.066042714,-100,-100
0.066042714,-100,-100
0.066042714,-100,-100
0.066042714,-100,-100
0.066042714,-100,-100
0.066042714,-100,-100
0.066042714,-100,-100
0.066042714,-100,-100
0.066042714,-100,-100
0.066042714,-100,-100
0.066042714,-100,-100
