pt_ms,pt_tf,ms_tf
0.537795,-100,-100
0.98518044,-100,-100
10.73756,-100,-100
128.32513,-100,-100
402.137,-100,-100
172.3607,-100,-100
1355.3579,-100,-100
1141.2802,-100,-100
2045.8032,-100,-100
264180.47,-100,-100
458466.94,-100,-100
1207501.9,-100,-100
2971767.0,-100,-100
7746575.5,-100,-100
9691714.0,-100,-100
8195581.0,-100,-100
12498713.0,-100,-100
10535381.0,-100,-100
25677956.0,-100,-100
24378100.0,-100,-100
