pt_ms,pt_tf,ms_tf
0.25678223,-100,-100
0.22483768,-100,-100
0.2384732,-100,-100
0.20643546,-100,-100
0.21845666,-100,-100
0.25373447,-100,-100
0.333244,-100,-100
0.28037605,-100,-100
0.29249012,-100,-100
0.3127779,-100,-100
0.32673204,-100,-100
0.2375503,-100,-100
0.24203396,-100,-100
0.25425223,-100,-100
0.26133797,-100,-100
0.22216703,-100,-100
0.25229293,-100,-100
0.25157169,-100,-100
0.2383394,-100,-100
0.23928086,-100,-100
