pt_ms,pt_tf,ms_tf
5.5559525e-05,-100,-100
0.000115678195,-100,-100
0.0001411514,-100,-100
0.000108032946,-100,-100
5.5559507e-05,-100,-100
0.00010809837,-100,-100
0.000105255756,-100,-100
0.000110687346,-100,-100
0.00013028184,-100,-100
4.6018544e-05,-100,-100
0.00013257579,-100,-100
0.00012517114,-100,-100
4.337897e-05,-100,-100
8.615658e-05,-100,-100
0.00012431738,-100,-100
7.538191e-05,-100,-100
0.00014030212,-100,-100
0.00010973807,-100,-100
0.000116602714,-100,-100
0.00010842679,-100,-100
