pt_ms,pt_tf,ms_tf
9.633253e-05,-100,-100
2.7472626e-05,-100,-100
3.5388326e-05,-100,-100
3.382591e-05,-100,-100
4.647984e-06,-100,-100
1.3679491e-05,-100,-100
2.775718e-05,-100,-100
9.383026e-06,-100,-100
4.120395e-06,-100,-100
2.2276316e-05,-100,-100
1.769442e-05,-100,-100
1.1262197e-05,-100,-100
5.19906e-06,-100,-100
3.176896e-06,-100,-100
5.9573413e-06,-100,-100
4.597727e-06,-100,-100
5.5840146e-06,-100,-100
6.0195234e-06,-100,-100
2.5204884e-06,-100,-100
1.14089335e-05,-100,-100
