pt_ms,pt_tf,ms_tf
0.36550435,-100,-100
0.3723097,-100,-100
0.3727625,-100,-100
0.32715562,-100,-100
2.3308432,-100,-100
0.3256231,-100,-100
0.22745073,-100,-100
0.22745073,-100,-100
0.9323199,-100,-100
0.9474981,-100,-100
1.8682721,-100,-100
1.0476027,-100,-100
2.8518548,-100,-100
1.8284909,-100,-100
1.2760386,-100,-100
4.4290614,-100,-100
1.8909148,-100,-100
2.4918778,-100,-100
2.5143523,-100,-100
1.6783206,-100,-100
