pt_ms,pt_tf,ms_tf
0.3234696,-100,-100
0.3486759,-100,-100
0.38696137,-100,-100
0.5423963,-100,-100
0.46518654,-100,-100
0.46518654,-100,-100
0.6006533,-100,-100
0.68891126,-100,-100
0.5897078,-100,-100
0.5023059,-100,-100
0.5320881,-100,-100
0.6046197,-100,-100
0.59977716,-100,-100
0.5571402,-100,-100
0.6264279,-100,-100
0.6264279,-100,-100
0.6979591,-100,-100
0.54075533,-100,-100
0.42840168,-100,-100
0.5438826,-100,-100
