pt_ms,pt_tf,ms_tf
0.0552477,-100,-100
0.0552477,-100,-100
0.050512835,-100,-100
0.03562086,-100,-100
0.03150693,-100,-100
