mstorch_pt_ms,mstorch_pt_tf,mstorch_ms_tf,mstorch_lasttwo_dist,ms_distance,torch_distance,if_success
0.0552477,-100,-100,0.5500976,0.3267938,1.4860115,True
0.0552477,-100,-100,0.5500976,0.3520996,1.4263291,True
0.050512835,-100,-100,0.46830478,0.40648696,1.4412513,True
0.03562086,-100,-100,0.36020148,0.48911107,1.4560807,True
0.03150693,-100,-100,0.34349823,0.51799667,1.4631361,True
