mstorch_pt_ms,mstorch_pt_tf,mstorch_ms_tf,mstorch_lasttwo_dist,ms_distance,torch_distance,if_success
3.0152938e-07,-100,-100,0.00015378423,0.007973602,0.011623242,True
3.48639e-05,0.02208215557038784,0.022062452509999275,0.00015378423,0.009750975,0.007974062,True
3.43127e-05,1.5024766980786808e-05,3.4174168831668794e-05,0.00015378423,0.01003602,0.00975138,True
3.6669433e-05,0.002612498588860035,0.002619171515107155,0.00015378423,0.010530386,0.010036369,True
3.979694e-05,0.002052680356428027,0.002047700574621558,0.00015378423,0.011623044,0.010530596,True
