pt_ms,pt_tf,ms_tf
6.675387e-05,-100,-100
4.6231144e-05,-100,-100
5.507455e-05,-100,-100
3.7286783e-05,-100,-100
2.1201533e-05,-100,-100
1.7106395e-05,-100,-100
6.8870895e-06,-100,-100
5.9891886e-06,-100,-100
4.6948e-06,-100,-100
5.4805305e-06,-100,-100
