pt_ms,pt_tf,ms_tf
0.9656433,0.0015839934,0.9658817
0.6460667,0.00121378,0.6466166
0.49983323,0.0016663193,0.50067663
0.19867325,0.00092086196,0.19918866
0.18315603,0.00078733114,0.18376738
0.18127151,0.00055342616,0.1812436
0.1040238,0.00073500874,0.10429649
0.11637583,0.00053515285,0.11660507
0.099105656,0.00045212806,0.09919506
0.113773495,0.0005595863,0.113566
