pt_ms,pt_tf,ms_tf
0.0008747659,-100,-100
7.603702e-05,-100,-100
7.2764495e-05,-100,-100
3.934587e-05,-100,-100
0.00022019552,-100,-100
0.00027713226,-100,-100
4.7849422e-05,-100,-100
9.571762e-05,-100,-100
2.298653e-06,-100,-100
4.5092966e-06,-100,-100
