pt_ms,pt_tf,ms_tf
4.209947e-06,-100,-100
5.0243666e-06,-100,-100
5.349853e-06,-100,-100
5.0795265e-06,-100,-100
5.548394e-06,-100,-100
5.8646447e-06,-100,-100
5.684802e-06,-100,-100
7.117046e-06,-100,-100
7.801405e-06,-100,-100
9.519023e-06,-100,-100
