pt_ms,pt_tf,ms_tf
9.093098e-05,-100,-100
6.442258e-05,-100,-100
5.3366224e-05,-100,-100
5.336622e-05,-100,-100
5.336622e-05,-100,-100
5.3366188e-05,-100,-100
5.3366184e-05,-100,-100
5.3366213e-05,-100,-100
5.3366235e-05,-100,-100
5.3366213e-05,-100,-100
