pt_ms,pt_tf,ms_tf
1.1567616,-100,-100
0.9341592,-100,-100
0.9341592,-100,-100
0.09651762,-100,-100
0.056737565,-100,-100
7.599592e-08,-100,-100
7.599592e-08,-100,-100
7.599592e-08,-100,-100
7.599592e-08,-100,-100
7.599592e-08,-100,-100
