pt_ms,pt_tf,ms_tf
0.35303837,-100,-100
0.32606903,-100,-100
0.32977974,-100,-100
0.32483524,-100,-100
0.31459996,-100,-100
0.1174617,-100,-100
0.11413131,-100,-100
0.08499236,-100,-100
0.059123207,-100,-100
0.040095553,-100,-100
