pt_ms,pt_tf,ms_tf
0.28005242,-100,-100
4.4369082,-100,-100
2.7963612,-100,-100
3.6718988,-100,-100
0.08164201,-100,-100
0.08164201,-100,-100
0.07583441,-100,-100
0.07583441,-100,-100
114.73251,-100,-100
114.73251,-100,-100
126.32206,-100,-100
126.32206,-100,-100
126.32206,-100,-100
126.32206,-100,-100
250.45117,-100,-100
250.45117,-100,-100
250.45117,-100,-100
250.45117,-100,-100
250.45117,-100,-100
250.45117,-100,-100
