pt_ms,pt_tf,ms_tf
0.3298043,-100,-100
80.22918,-100,-100
80.22918,-100,-100
43.223366,-100,-100
0.041602954,-100,-100
0.041602954,-100,-100
40881.703,-100,-100
10510909.0,-100,-100
10444688.0,-100,-100
10444688.0,-100,-100
10444691.0,-100,-100
10444690.0,-100,-100
10479243.0,-100,-100
10642081.0,-100,-100
10641334.0,-100,-100
10641334.0,-100,-100
400.52112,-100,-100
400.52112,-100,-100
400.52115,-100,-100
400.52106,-100,-100
