pt_ms,pt_tf,ms_tf
7.406729e-05,-100,-100
1.1747141e-05,-100,-100
1.3679104e-05,-100,-100
2.5528602e-06,-100,-100
6.6762805e-06,-100,-100
0.15865025,-100,-100
0.9994906,-100,-100
0.9994906,-100,-100
0.9994906,-100,-100
0.9994906,-100,-100
0.9994945,-100,-100
0.9994945,-100,-100
0.9994945,-100,-100
0.9995159,-100,-100
0.99951565,-100,-100
0.9995125,-100,-100
0.9995176,-100,-100
315.84583,-100,-100
315.8728,-100,-100
315.87427,-100,-100
