pt_ms,pt_tf,ms_tf
0.071144484,-100,-100
0.028420322,-100,-100
0.03761125,-100,-100
0.35817865,-100,-100
0.4059914,-100,-100
0.37015298,-100,-100
0.39714852,-100,-100
0.42842138,-100,-100
0.42823738,-100,-100
0.44336608,-100,-100
0.46122208,-100,-100
0.46078014,-100,-100
0.44147402,-100,-100
0.44147402,-100,-100
0.44147402,-100,-100
0.44147402,-100,-100
0.44016793,-100,-100
0.43787912,-100,-100
0.42680943,-100,-100
0.42681366,-100,-100
