pt_ms,pt_tf,ms_tf
0.82923996,-100,-100
0.7947617,-100,-100
0.8919152,-100,-100
4.144378,-100,-100
4.1457624,-100,-100
6.7999115,-100,-100
5.661732,-100,-100
102.314896,-100,-100
2541.7224,-100,-100
2541.7224,-100,-100
2541.7224,-100,-100
1.268324,-100,-100
217.8454,-100,-100
437.0325,-100,-100
437.0325,-100,-100
437.0325,-100,-100
437.0325,-100,-100
437.0325,-100,-100
432.52444,-100,-100
432.52444,-100,-100
