pt_ms,pt_tf,ms_tf
0.82923996,-100,-100
183.55391,-100,-100
183.55391,-100,-100
183.55391,-100,-100
748222.25,-100,-100
748222.25,-100,-100
748222.25,-100,-100
748222.25,-100,-100
748222.25,-100,-100
3064718300.0,-100,-100
2077123700000.0,-100,-100
2077123700000.0,-100,-100
2077123700000.0,-100,-100
2077123700000.0,-100,-100
2077123700000.0,-100,-100
8507898600000000.0,-100,-100
8507898600000000.0,-100,-100
8507898600000000.0,-100,-100
8507898600000000.0,-100,-100
8507898600000000.0,-100,-100
