pt_ms,pt_tf,ms_tf
621.16974,-100,-100
83580.42,-100,-100
446706880.0,-100,-100
107579860.0,-100,-100
44297230000.0,-100,-100
1350949100000000.0,-100,-100
1.9525457e+17,-100,-100
4.6600913e+20,-100,-100
2.963426e+20,-100,-100
8.898674e+19,-100,-100
2.6962668e+19,-100,-100
7.804763e+20,-100,-100
8.447094e+20,-100,-100
3.0049845e+22,-100,-100
1.2348199e+21,-100,-100
3.73639e+19,-100,-100
4.7332277e+18,-100,-100
9.421781e+19,-100,-100
3.2937416e+21,-100,-100
9.085246e+23,-100,-100
