pt_ms,pt_tf,ms_tf
6.176067e-05,-100,-100
0.00012459056,-100,-100
5.124783e-05,-100,-100
4.6192148e-05,-100,-100
6.892126e-05,-100,-100
5.9167116e-05,-100,-100
6.4846114e-05,-100,-100
0.00011405017,-100,-100
0.00017245958,-100,-100
0.00012534967,-100,-100
0.00017245962,-100,-100
0.00012146904,-100,-100
0.00011249298,-100,-100
6.4846136e-05,-100,-100
0.00010195743,-100,-100
5.4240285e-05,-100,-100
4.6192148e-05,-100,-100
4.619216e-05,-100,-100
5.165493e-05,-100,-100
5.1654948e-05,-100,-100
