pt_ms,pt_tf,ms_tf
0.79037046,-100,-100
0.79037046,-100,-100
0.90046823,-100,-100
0.85630804,-100,-100
0.89960665,-100,-100
0.89960665,-100,-100
0.9041764,-100,-100
1.8042787,-100,-100
1.300401,-100,-100
1.8042787,-100,-100
2.3752694,-100,-100
1.180735,-100,-100
1.180735,-100,-100
1.180735,-100,-100
1.180735,-100,-100
1.180735,-100,-100
1.180735,-100,-100
0.7672991,-100,-100
0.83434194,-100,-100
0.83434194,-100,-100
