pt_ms,pt_tf,ms_tf
0.3323134,-100,-100
0.21591619,-100,-100
0.1325219,-100,-100
0.12347046,-100,-100
0.10460332,-100,-100
0.10596207,-100,-100
0.09386326,-100,-100
0.095271915,-100,-100
0.09873152,-100,-100
0.088851914,-100,-100
0.08780721,-100,-100
0.091380574,-100,-100
0.091188885,-100,-100
0.09382108,-100,-100
0.093865804,-100,-100
0.08646103,-100,-100
0.08796158,-100,-100
0.09156693,-100,-100
0.101498075,-100,-100
0.10341071,-100,-100
