pt_ms,pt_tf,ms_tf
9.681033e-05,-100,-100
9.101809e-05,-100,-100
6.930464e-05,-100,-100
6.303606e-05,-100,-100
6.5132335e-05,-100,-100
6.693564e-05,-100,-100
2.817748e-05,-100,-100
2.5039646e-05,-100,-100
2.6928612e-05,-100,-100
2.3049713e-05,-100,-100
2.2838916e-05,-100,-100
2.140112e-05,-100,-100
1.6081978e-05,-100,-100
1.4471038e-05,-100,-100
1.4497707e-05,-100,-100
1.3211678e-05,-100,-100
1.3150383e-05,-100,-100
1.2701142e-05,-100,-100
1.2995751e-05,-100,-100
1.3619105e-05,-100,-100
