pt_ms,pt_tf,ms_tf
0.83127785,-100,-100
0.8507,-100,-100
0.85041475,-100,-100
0.51740116,-100,-100
0.33991265,-100,-100
0.17938541,-100,-100
0.23987265,-100,-100
0.16997929,-100,-100
0.14611316,-100,-100
0.14611316,-100,-100
0.15194307,-100,-100
0.1229799,-100,-100
0.13437527,-100,-100
0.13437527,-100,-100
0.13437527,-100,-100
0.13437527,-100,-100
0.119768105,-100,-100
0.09856492,-100,-100
0.053863063,-100,-100
0.1502285,-100,-100
