pt_ms,pt_tf,ms_tf
0.26639554,-100,-100
0.0938323,-100,-100
0.057415236,-100,-100
0.03033493,-100,-100
0.026099926,-100,-100
0.024040895,-100,-100
0.016533323,-100,-100
0.013126674,-100,-100
0.010569247,-100,-100
0.012849726,-100,-100
0.013550291,-100,-100
0.014806646,-100,-100
0.015931113,-100,-100
0.01395347,-100,-100
0.018235695,-100,-100
0.01407392,-100,-100
0.017106071,-100,-100
0.015040103,-100,-100
0.015120395,-100,-100
0.020295877,-100,-100
