pt_ms,pt_tf,ms_tf
0.26428443,-100,-100
0.26321673,-100,-100
0.24001516,-100,-100
0.23651429,-100,-100
0.24025567,-100,-100
0.28272727,-100,-100
0.2822434,-100,-100
0.33204207,-100,-100
0.34571412,-100,-100
0.36500275,-100,-100
0.30321673,-100,-100
0.27641478,-100,-100
0.28517008,-100,-100
0.28908378,-100,-100
0.28314927,-100,-100
0.2590224,-100,-100
0.2488647,-100,-100
0.20170358,-100,-100
0.20399655,-100,-100
0.20298271,-100,-100
