pt_ms,pt_tf,ms_tf
0.25162116,-100,-100
0.2458907,-100,-100
0.24584092,-100,-100
0.24561146,-100,-100
0.2444369,-100,-100
0.24273926,-100,-100
0.24273585,-100,-100
0.2413269,-100,-100
0.2399119,-100,-100
0.23928946,-100,-100
0.23808119,-100,-100
0.2378491,-100,-100
0.23588383,-100,-100
0.23551355,-100,-100
0.23543923,-100,-100
0.23425232,-100,-100
0.23488672,-100,-100
0.2342984,-100,-100
0.232145,-100,-100
0.23214059,-100,-100
