pt_ms,pt_tf,ms_tf
7.973298e-05,-100,-100
8.419635e-05,-100,-100
7.8401135e-05,-100,-100
7.844926e-05,-100,-100
8.554688e-05,-100,-100
8.1675156e-05,-100,-100
8.2596256e-05,-100,-100
7.78351e-05,-100,-100
8.264634e-05,-100,-100
8.180209e-05,-100,-100
7.747865e-05,-100,-100
7.895167e-05,-100,-100
7.4262614e-05,-100,-100
7.860865e-05,-100,-100
7.205798e-05,-100,-100
7.329611e-05,-100,-100
8.5683205e-05,-100,-100
8.381276e-05,-100,-100
8.339873e-05,-100,-100
7.678609e-05,-100,-100
