pt_ms,pt_tf,ms_tf
0.00010909513,-100,-100
0.00011274479,-100,-100
9.6225194e-05,-100,-100
9.530447e-05,-100,-100
8.80507e-05,-100,-100
9.17272e-05,-100,-100
8.700977e-05,-100,-100
7.601194e-05,-100,-100
8.279876e-05,-100,-100
7.27188e-05,-100,-100
6.141894e-05,-100,-100
6.488068e-05,-100,-100
6.552529e-05,-100,-100
6.147662e-05,-100,-100
6.122194e-05,-100,-100
8.536976e-05,-100,-100
8.5178624e-05,-100,-100
6.9254806e-05,-100,-100
8.263005e-05,-100,-100
8.104817e-05,-100,-100
