pt_ms,pt_tf,ms_tf
0.82923996,-100,-100
0.779719,-100,-100
0.78677285,-100,-100
0.78435934,-100,-100
0.77880204,-100,-100
0.77803195,-100,-100
0.76305014,-100,-100
0.7619032,-100,-100
0.765764,-100,-100
0.76180625,-100,-100
0.793628,-100,-100
0.7798715,-100,-100
0.77008474,-100,-100
0.76963896,-100,-100
0.7689549,-100,-100
0.77502704,-100,-100
0.7642248,-100,-100
0.7685866,-100,-100
0.768976,-100,-100
0.76729304,-100,-100
