pt_ms,pt_tf,ms_tf
0.81874466,-100,-100
0.8166107,-100,-100
0.81874466,-100,-100
0.81689537,-100,-100
0.81689537,-100,-100
0.81689537,-100,-100
0.8168953,-100,-100
0.8167673,-100,-100
0.8169809,-100,-100
0.81698096,-100,-100
0.816893,-100,-100
0.816893,-100,-100
0.81695,-100,-100
0.8090161,-100,-100
0.81686425,-100,-100
0.8236091,-100,-100
0.79860795,-100,-100
0.8232697,-100,-100
0.8232337,-100,-100
0.82301337,-100,-100
