pt_ms,pt_tf,ms_tf
0.07413548,-100,-100
0.24314407,-100,-100
0.21314639,-100,-100
0.23962,-100,-100
0.23687315,-100,-100
