mstorch_pt_ms,mstorch_pt_tf,mstorch_ms_tf,mstorch_lasttwo_dist,ms_distance,torch_distance,if_success
0.07413548,-100,-100,0.6199496,0.13995841,1.4825046,True
0.24314407,-100,-100,0.7124446,0.35391816,1.3262358,True
0.21314639,-100,-100,0.69464093,0.48421055,1.5286913,True
0.23962,-100,-100,0.8126216,0.50404036,1.5341115,True
0.23687315,-100,-100,0.64905024,0.6006216,1.4845493,True
