pt_ms,pt_tf,ms_tf
1.1740676e-05,-100.0,-100.0
0.001033712,1.2816873788833618,1.2818666696548462
0.005461004,0.9017510414123536,0.901029407978058
1.0122148,124.61141204833984,124.56805419921876
1.4274389,76.08440399169922,76.5040054321289
