mstorch_pt_ms,mstorch_pt_tf,mstorch_ms_tf,mstorch_lasttwo_dist,ms_distance,torch_distance,if_success
1.1740676e-05,-100,-100,0.00039484137,0.013534469,5094.143,True
0.001033712,1.2816873788833618,1.2818666696548462,0.004933781,0.9150473,0.013534383,True
0.005461004,0.9017510414123535,0.9010294079780579,0.004933781,330.59464,0.91510314,True
1.0122148,124.61141204833984,124.56805419921875,0.004933781,5483.599,330.6197,True
1.4274389,76.08440399169922,76.5040054321289,0.004977216,5092.642,5484.9316,True
