pt_ms,pt_tf,ms_tf
7.412389e-05,-100,-100
8.475289e-05,-100,-100
9.909838e-05,-100,-100
0.00012661987,-100,-100
0.0033699588,-100,-100
0.025293015,-100,-100
0.010654346,-100,-100
0.03399296,-100,-100
0.03399296,-100,-100
0.03399296,-100,-100
