pt_ms,pt_tf,ms_tf
2.0669549,0.00990954,2.058563
3.2815354,0.012016475,3.282979
10.115078,0.015796471,10.128048
40.36219,0.08321829,40.442093
1096.1383,2.5218627,1097.6594
4037.5432,16.79856,4051.172
52805.297,191.5289,52996.145
374571.7,1393.1328,375831.9
1419354.8,3223.4438,1420363.4
1419354.8,2902.0298,1420159.9
