pt_ms,pt_tf,ms_tf
0.0014524328,-100,-100
0.0046813022,-100,-100
0.0017478153,-100,-100
0.0048597534,-100,-100
0.05119496,-100,-100
0.5517367,-100,-100
0.61746097,-100,-100
0.67731,-100,-100
24.13926,-100,-100
34.534935,-100,-100
