pt_ms,pt_tf,ms_tf
0.00010681116,-100,-100
9.2945265e-05,-100,-100
9.858604e-05,-100,-100
9.376956e-05,-100,-100
9.692273e-05,-100,-100
0.00010943176,-100,-100
0.00016422024,-100,-100
0.00012729414,-100,-100
0.00014672025,-100,-100
0.00014652437,-100,-100
