mstorch_pt_ms,mstorch_pt_tf,mstorch_ms_tf,mstorch_lasttwo_dist,ms_distance,torch_distance,if_success
0.00033581257,-100,-100,1.2793604e-05,0.0,0.1644712,False
0.00033581257,-100,-100,1.2793604e-05,0.0,0.16859838,False
0.00033581257,-100,-100,1.2793604e-05,0.0,0.16859838,False
0.023709297,-100,-100,0.0007573124,0.0050469134,0.16859838,True
0.023709297,-100,-100,0.0007573124,0.0050469134,0.1644712,False
