pt_ms,pt_tf,ms_tf
1.0332085,-100,-100
9.363806,-100,-100
41.856636,-100,-100
26.5647,-100,-100
40.551003,-100,-100
25.54904,-100,-100
12.522608,-100,-100
5.7215095,-100,-100
64.90542,-100,-100
87.852516,-100,-100
