pt_ms,pt_tf,ms_tf
0.43733257,-100,-100
0.44242293,-100,-100
0.6022855,-100,-100
2.0631204,-100,-100
4.290625,-100,-100
18.011875,-100,-100
104.0005,-100,-100
284.89462,-100,-100
369.1749,-100,-100
509.13144,-100,-100
