pt_ms,pt_tf,ms_tf
0.65713495,-100,-100
1.6924292,-100,-100
1.3568021,-100,-100
1.2343011,-100,-100
0.9168206,-100,-100
1.2917432,-100,-100
0.89636755,-100,-100
1.4598255,-100,-100
1.6187319,-100,-100
2.4435515,-100,-100
