pt_ms,pt_tf,ms_tf
3.787036e-05,1.2080429e-05,3.2275067e-05
0.00021678676,0.00016214635,0.00022132965
0.00047170673,0.00020759371,0.0004376626
0.0028460973,0.0033158418,0.0011614395
0.028131204,0.023543956,0.017054215
0.17953347,0.19000483,0.22893701
0.17953347,0.19299865,0.2308363
0.17953347,0.19299865,0.2308363
0.17953347,0.19000483,0.22893701
0.17953347,0.20067829,0.24383853
