pt_ms,pt_tf,ms_tf
8.494075e-05,-100,-100
0.0008361079,-100,-100
0.005977759,-100,-100
1.0586385,-100,-100
102.435234,-100,-100
332.14648,-100,-100
6200.4536,-100,-100
6200.4536,-100,-100
10804.063,-100,-100
10804.063,-100,-100
