pt_ms,pt_tf,ms_tf
1.0006104,0.007072091,0.9989229
2.7776399,0.011640024,2.781163
15.853203,0.036540113,15.840477
59.89178,0.109845735,59.961475
502.85934,1.376564,503.70645
1736.7417,4.241028,1739.078
22979.795,110.11416,22944.227
47002.25,200.84843,46859.47
521888.8,779.9125,522090.72
1387273.5,1519.0938,1386803.2
