pt_ms,pt_tf,ms_tf
0.0002643188,-100,-100
0.00064285076,-100,-100
0.003073448,-100,-100
0.0049244887,-100,-100
0.030154942,-100,-100
0.0053007836,-100,-100
0.008743365,-100,-100
0.037500802,-100,-100
0.09097964,-100,-100
0.6085334,-100,-100
