pt_ms,pt_tf,ms_tf
0.000106811174,-100,-100
9.5947704e-05,-100,-100
0.010135184,-100,-100
0.014795165,-100,-100
0.025007045,-100,-100
0.029580718,-100,-100
0.050678894,-100,-100
0.06850739,-100,-100
0.12229567,-100,-100
0.22467351,-100,-100
