mstorch_pt_ms,mstorch_pt_tf,mstorch_ms_tf,mstorch_lasttwo_dist,ms_distance,torch_distance,if_success
0.00033581257,-100,-100,1.2793604e-05,0.0,0.2504996,False
0.00033581257,-100,-100,1.2793604e-05,0.0,0.25458318,False
0.00033581257,-100,-100,1.2793604e-05,0.0,0.25458318,False
0.041707993,-100,-100,0.0011516403,0.007071119,0.25458318,True
0.041707993,-100,-100,0.0011516403,0.007071119,0.2504996,False
