pt_ms,pt_tf,ms_tf
5.639542,-100,-100
5.3314,-100,-100
8.006067,-100,-100
4.5195203,-100,-100
3.7213514,-100,-100
2.568162,-100,-100
2.873287,-100,-100
12.945725,-100,-100
1186.8503,-100,-100
3553.2234,-100,-100
