pt_ms,pt_tf,ms_tf
0.23785286,-100,-100
0.49775568,-100,-100
0.71285367,-100,-100
1.1324095,-100,-100
1.338562,-100,-100
4.959526,-100,-100
9.107118,-100,-100
13.241533,-100,-100
20.628399,-100,-100
36.14029,-100,-100
