pt_ms,pt_tf,ms_tf
0.6272857,-100,-100
0.6305588,-100,-100
0.626848,-100,-100
0.62627476,-100,-100
0.62388897,-100,-100
0.62125623,-100,-100
0.6172074,-100,-100
0.62226,-100,-100
0.6257811,-100,-100
0.6197547,-100,-100
0.6181273,-100,-100
0.61964035,-100,-100
0.61589956,-100,-100
0.61439943,-100,-100
0.60489273,-100,-100
0.6225256,-100,-100
0.6192048,-100,-100
0.61990947,-100,-100
0.6104724,-100,-100
0.608678,-100,-100
