pt_ms,pt_tf,ms_tf
0.074207544,-100,-100
0.074207544,-100,-100
0.074207544,-100,-100
0.074207544,-100,-100
0.074207544,-100,-100
0.074207544,-100,-100
0.074207544,-100,-100
0.074207544,-100,-100
0.074207544,-100,-100
0.074207544,-100,-100
0.074207544,-100,-100
0.074207544,-100,-100
0.074207544,-100,-100
0.074207544,-100,-100
0.074207544,-100,-100
0.074207544,-100,-100
0.074207544,-100,-100
0.074207544,-100,-100
0.074207544,-100,-100
0.074207544,-100,-100
