pt_ms,pt_tf,ms_tf
0.5963555,-100,-100
0.5984914,-100,-100
0.5089266,-100,-100
0.5186375,-100,-100
0.5719414,-100,-100
0.46165323,-100,-100
0.4836026,-100,-100
0.48733786,-100,-100
0.4702483,-100,-100
0.46474633,-100,-100
0.42859313,-100,-100
0.40916502,-100,-100
0.41770956,-100,-100
0.39898026,-100,-100
0.45764774,-100,-100
0.4150897,-100,-100
0.41341695,-100,-100
0.41650668,-100,-100
0.35973564,-100,-100
0.45163912,-100,-100
