mstorch_pt_ms,mstorch_pt_tf,mstorch_ms_tf,mstorch_lasttwo_dist,ms_distance,torch_distance,if_success
3.0678888e-07,8.5634035e-08,2.9482368e-07,0.00015378423,1.4045677e-05,0.0021234038,True
3.1073154e-07,8.47552e-08,2.9925977e-07,0.00015378423,0.00019349206,0.0001612055,True
3.081548e-07,1.0863405e-07,3.5611137e-07,0.00015378423,0.00044787343,0.00039234426,True
3.0806137e-07,1.0914874e-07,3.565371e-07,0.00015378423,0.000618079,0.0006016859,True
3.0688977e-07,8.354624e-08,2.97009e-07,0.00015378423,0.0006722677,0.0006648071,True
3.0664785e-07,8.082191e-08,2.950052e-07,0.00015378423,0.0007578183,0.0007484816,True
3.1118276e-07,8.2834866e-08,2.9701835e-07,0.00015378423,0.00088103284,0.0008560001,True
3.093579e-07,8.2873214e-08,2.981336e-07,0.00015378423,0.0010243836,0.0009987406,True
3.1012405e-07,8.309402e-08,2.9737564e-07,0.00015378423,0.0011950326,0.0011070039,True
3.1786504e-07,8.492849e-08,3.049214e-07,0.00015378423,0.0012941142,0.0012752616,True
3.2506182e-07,9.456344e-08,2.98844e-07,0.00015378423,0.0014475586,0.0014231224,True
4.011632e-07,1.0670674e-07,3.7496997e-07,0.00015378423,0.00150977,0.0014944859,True
4.0153873e-07,1.0765254e-07,3.7463695e-07,0.00015378423,0.0015724531,0.0015470093,True
3.978198e-07,1.0874798e-07,3.8046622e-07,0.00015378423,0.0016328134,0.0016212824,True
4.1538672e-07,1.0872215e-07,3.948617e-07,0.00015378423,0.0017051602,0.0016663205,True
4.2493204e-07,1.1069031e-07,4.045786e-07,0.00015378423,0.001809026,0.0017801826,True
4.315247e-07,1.0882994e-07,4.0847735e-07,0.00015378423,0.0018663682,0.0018537014,True
4.30101e-07,1.0891153e-07,4.0633122e-07,0.00015378423,0.0019119758,0.001911578,True
4.124943e-07,1.1274788e-07,3.925139e-07,0.00015378423,0.001977245,0.0019718176,True
6.8639616e-07,2.389425e-07,6.457033e-07,0.00015378423,0.00202557,0.002015954,True
