pt_ms,pt_tf,ms_tf
4.422292e-05,-100,-100
5.6968038e-05,-100,-100
4.7601523e-05,-100,-100
5.9236663e-05,-100,-100
4.992847e-05,-100,-100
6.488571e-05,-100,-100
4.9346192e-05,-100,-100
4.9958504e-05,-100,-100
5.952912e-05,-100,-100
5.82727e-05,-100,-100
4.581755e-05,-100,-100
4.438026e-05,-100,-100
5.2270196e-05,-100,-100
4.0899275e-05,-100,-100
4.2871452e-05,-100,-100
6.7942216e-05,-100,-100
4.8350958e-05,-100,-100
4.2796426e-05,-100,-100
6.400215e-05,-100,-100
6.570698e-05,-100,-100
