pt_ms,pt_tf,ms_tf
5.975364e-05,-100,-100
6.0797967e-05,-100,-100
6.0869283e-05,-100,-100
7.3279625e-05,-100,-100
5.654851e-05,-100,-100
6.220433e-05,-100,-100
5.567152e-05,-100,-100
5.5560664e-05,-100,-100
5.5666595e-05,-100,-100
6.431641e-05,-100,-100
5.094199e-05,-100,-100
5.084342e-05,-100,-100
5.0431456e-05,-100,-100
5.332322e-05,-100,-100
5.8812493e-05,-100,-100
5.8201465e-05,-100,-100
6.672677e-05,-100,-100
5.7175857e-05,-100,-100
5.8774847e-05,-100,-100
5.8277834e-05,-100,-100
