pt_ms,pt_tf,ms_tf
1.0773287,-100,-100
1.0773287,-100,-100
1.0773287,-100,-100
1.0773288,-100,-100
1.0772766,-100,-100
1.0772766,-100,-100
1.0772766,-100,-100
1.0747298,-100,-100
1.0781361,-100,-100
1.0781361,-100,-100
1.0781012,-100,-100
1.0781012,-100,-100
1.0781012,-100,-100
1.0760679,-100,-100
1.0758623,-100,-100
1.0763302,-100,-100
1.0760881,-100,-100
1.0736569,-100,-100
1.0753888,-100,-100
1.0737294,-100,-100
