pt_ms,pt_tf,ms_tf
1.0406866,-100,-100
1.0677061,-100,-100
1.06786,-100,-100
1.0702477,-100,-100
1.0864297,-100,-100
1.0256584,-100,-100
1.0346894,-100,-100
1.0894518,-100,-100
1.1001849,-100,-100
1.0664909,-100,-100
1.088227,-100,-100
1.0815111,-100,-100
1.0868269,-100,-100
1.0361013,-100,-100
1.0136813,-100,-100
1.0354402,-100,-100
1.0861622,-100,-100
1.0535443,-100,-100
1.0266911,-100,-100
1.0736434,-100,-100
