pt_ms,pt_tf,ms_tf
0.6969114,-100,-100
3.9780025,-100,-100
5.241641,-100,-100
9.246184,-100,-100
8.058868,-100,-100
60.797527,-100,-100
83.509186,-100,-100
256.84088,-100,-100
395.7631,-100,-100
357.2153,-100,-100
763.87427,-100,-100
2051.0286,-100,-100
5371.288,-100,-100
14376.666,-100,-100
29377.293,-100,-100
70606.86,-100,-100
80057.21,-100,-100
131758.73,-100,-100
136216.4,-100,-100
8508820.0,-100,-100
