pt_ms,pt_tf,ms_tf
5.9111288e-05,-100,-100
4.445345e-05,-100,-100
5.7041452e-05,-100,-100
9.8219374e-05,-100,-100
0.00030318822,-100,-100
0.00046324596,-100,-100
0.00089897995,-100,-100
0.0009670002,-100,-100
0.0009588154,-100,-100
0.0018941326,-100,-100
0.006511331,-100,-100
0.0089710355,-100,-100
0.008724858,-100,-100
0.018206775,-100,-100
0.022543116,-100,-100
0.023890946,-100,-100
0.011558427,-100,-100
0.03750354,-100,-100
0.017082868,-100,-100
0.036370356,-100,-100
