pt_ms,pt_tf,ms_tf
0.00036416895,-100,-100
0.00034486357,-100,-100
0.0002674586,-100,-100
0.0013380443,-100,-100
0.00029168438,-100,-100
0.00024934844,-100,-100
0.00026078892,-100,-100
0.00017054247,-100,-100
0.00020098148,-100,-100
0.00019718101,-100,-100
0.00021635329,-100,-100
0.00020794824,-100,-100
0.00020413428,-100,-100
0.00028169007,-100,-100
0.00022080693,-100,-100
0.00015891092,-100,-100
0.00015598499,-100,-100
0.00016308305,-100,-100
0.00016830453,-100,-100
0.0001471096,-100,-100
