pt_ms,pt_tf,ms_tf
2.3993946e-06,-100,-100
2.3993946e-06,-100,-100
2.537003e-06,-100,-100
2.537003e-06,-100,-100
2.4040287e-06,-100,-100
2.4040287e-06,-100,-100
2.4040287e-06,-100,-100
1.8206133e-06,-100,-100
1.7360295e-06,-100,-100
1.7360295e-06,-100,-100
2.1443675e-06,-100,-100
2.1443675e-06,-100,-100
2.1443675e-06,-100,-100
2.3605685e-06,-100,-100
2.3605685e-06,-100,-100
2.4306012e-06,-100,-100
2.4306012e-06,-100,-100
2.4306012e-06,-100,-100
2.4306012e-06,-100,-100
2.4306012e-06,-100,-100
