pt_ms,pt_tf,ms_tf
6.2152954e-05,-100,-100
6.131043e-05,-100,-100
0.000112633454,-100,-100
9.236996e-05,-100,-100
5.8365673e-05,-100,-100
1.39617705e-05,-100,-100
2.9010955e-05,-100,-100
6.1074634e-06,-100,-100
3.45948e-06,-100,-100
4.3252826e-06,-100,-100
4.082873e-06,-100,-100
5.869976e-06,-100,-100
6.984976e-06,-100,-100
1.7421729e-06,-100,-100
5.8712766e-07,-100,-100
9.3133934e-07,-100,-100
6.0300476e-07,-100,-100
6.055995e-07,-100,-100
3.9041745e-07,-100,-100
7.488155e-07,-100,-100
