pt_ms,pt_tf,ms_tf
0.00029331446,-100,-100
0.00029331446,-100,-100
0.00033581257,-100,-100
0.00031208992,-100,-100
7.325411e-05,-100,-100
6.556511e-05,-100,-100
6.134808e-05,-100,-100
6.134808e-05,-100,-100
6.902218e-05,-100,-100
6.902218e-05,-100,-100
7.325411e-05,-100,-100
7.31349e-05,-100,-100
6.8843365e-05,-100,-100
7.325411e-05,-100,-100
6.545335e-05,-100,-100
7.31349e-05,-100,-100
0.00034543872,-100,-100
5.337596e-05,-100,-100
5.337596e-05,-100,-100
7.31349e-05,-100,-100
