pt_ms,pt_tf,ms_tf
0.83944076,-100,-100
0.8666352,-100,-100
0.39374286,-100,-100
0.16956434,-100,-100
1.1619258,-100,-100
1.4706079,-100,-100
2.2431178,-100,-100
3.591316,-100,-100
2.4840646,-100,-100
2.4660985,-100,-100
2.1978028,-100,-100
4.2250676,-100,-100
4.8078685,-100,-100
4.6412635,-100,-100
5.744699,-100,-100
4.8375497,-100,-100
6.1938887,-100,-100
8.928725,-100,-100
8.690985,-100,-100
8.616657,-100,-100
