pt_ms,pt_tf,ms_tf
0.23109213,-100,-100
0.45428634,-100,-100
1.3218,-100,-100
4.209462,-100,-100
19.413113,-100,-100
21.294394,-100,-100
27.980139,-100,-100
31.496363,-100,-100
44.28976,-100,-100
62.465893,-100,-100
60.17699,-100,-100
60.432667,-100,-100
74.18239,-100,-100
49.18309,-100,-100
55.242516,-100,-100
50.703133,-100,-100
61.169292,-100,-100
60.74511,-100,-100
77.69588,-100,-100
82.87165,-100,-100
