pt_ms,pt_tf,ms_tf
0.000116908544,-100,-100
0.00018340384,-100,-100
0.0008329018,-100,-100
0.0008543949,-100,-100
0.0024822876,-100,-100
0.04550734,-100,-100
1.3356684,-100,-100
0.74709827,-100,-100
2.551168,-100,-100
476.40067,-100,-100
101973.164,-100,-100
369902.34,-100,-100
420280.03,-100,-100
8840355.0,-100,-100
8840355.0,-100,-100
96492080.0,-100,-100
96492080.0,-100,-100
96492080.0,-100,-100
96492080.0,-100,-100
96492080.0,-100,-100
