pt_ms,pt_tf,ms_tf
0.00022032573,-100,-100
0.00017794357,-100,-100
0.00022299905,-100,-100
0.00021766941,-100,-100
0.00024341731,-100,-100
0.00029672193,-100,-100
0.00018730205,-100,-100
0.00019185609,-100,-100
0.00021049658,-100,-100
4.5568533e-05,-100,-100
4.5568533e-05,-100,-100
4.5568533e-05,-100,-100
6.9678266e-05,-100,-100
7.062399e-05,-100,-100
7.5982236e-05,-100,-100
7.5982236e-05,-100,-100
7.211519e-05,-100,-100
3.0132285e-05,-100,-100
3.0132285e-05,-100,-100
4.6475325e-05,-100,-100
