pt_ms,pt_tf,ms_tf
2.598323e-06,-100,-100
2.598323e-06,-100,-100
2.598323e-06,-100,-100
2.598323e-06,-100,-100
2.598323e-06,-100,-100
2.598323e-06,-100,-100
2.598323e-06,-100,-100
2.598323e-06,-100,-100
2.598323e-06,-100,-100
2.598323e-06,-100,-100
2.598323e-06,-100,-100
2.598323e-06,-100,-100
2.598323e-06,-100,-100
2.598323e-06,-100,-100
2.598323e-06,-100,-100
2.598323e-06,-100,-100
2.598323e-06,-100,-100
2.598323e-06,-100,-100
2.598323e-06,-100,-100
2.598323e-06,-100,-100
