pt_ms,pt_tf,ms_tf
1.682172e-05,-100,-100
1.3987445e-05,-100,-100
1.605854e-05,-100,-100
1.8887067e-05,-100,-100
1.9067264e-05,-100,-100
1.7857632e-05,-100,-100
1.769637e-05,-100,-100
2.0575182e-05,-100,-100
2.1501693e-05,-100,-100
2.4367037e-05,-100,-100
2.7150567e-05,-100,-100
2.5026835e-05,-100,-100
2.5026828e-05,-100,-100
2.502684e-05,-100,-100
2.5026848e-05,-100,-100
2.5026842e-05,-100,-100
2.5026848e-05,-100,-100
2.5026842e-05,-100,-100
2.5026842e-05,-100,-100
2.502684e-05,-100,-100
