pt_ms,pt_tf,ms_tf
0.79240537,-100,-100
0.79240537,-100,-100
0.79240537,-100,-100
1.1737456,-100,-100
2.5733252,-100,-100
0.68821967,-100,-100
0.68821967,-100,-100
1.2042551,-100,-100
1.2042551,-100,-100
1.1067555,-100,-100
1.1067555,-100,-100
1.0707293,-100,-100
1.0707293,-100,-100
0.9855896,-100,-100
0.9855896,-100,-100
1.394758,-100,-100
1.394758,-100,-100
1.394758,-100,-100
1.394758,-100,-100
1.394758,-100,-100
