pt_ms,pt_tf,ms_tf
0.19835714,-100,-100
0.19835714,-100,-100
0.19835714,-100,-100
0.19835714,-100,-100
0.19835714,-100,-100
0.19835714,-100,-100
0.19835714,-100,-100
0.19835714,-100,-100
0.19835714,-100,-100
0.19835714,-100,-100
0.19835714,-100,-100
0.19835714,-100,-100
0.19835714,-100,-100
0.19835714,-100,-100
0.19835714,-100,-100
0.19835714,-100,-100
0.19835714,-100,-100
0.19835714,-100,-100
0.19835714,-100,-100
0.19835714,-100,-100
