pt_ms,pt_tf,ms_tf
0.13529441,-100,-100
0.14521174,-100,-100
0.37642348,-100,-100
0.101734094,-100,-100
0.078939974,-100,-100
0.06789829,-100,-100
0.06807811,-100,-100
0.13479951,-100,-100
0.13582669,-100,-100
0.15150875,-100,-100
0.15150854,-100,-100
0.10932715,-100,-100
0.12077791,-100,-100
0.12077523,-100,-100
0.12281983,-100,-100
0.12028451,-100,-100
0.120639615,-100,-100
0.09070562,-100,-100
0.09031178,-100,-100
0.09027255,-100,-100
