pt_ms,pt_tf,ms_tf
0.00033581257,-100,-100
0.00033581257,-100,-100
0.00033581257,-100,-100
0.00033581257,-100,-100
0.00556612,-100,-100
0.04692626,-100,-100
0.06495929,-100,-100
0.06495929,-100,-100
0.06495929,-100,-100
0.04692626,-100,-100
