pt_ms,pt_tf,ms_tf
0.33108032,-100,-100
0.35791153,-100,-100
0.07310948,-100,-100
0.07310948,-100,-100
0.15086544,-100,-100
0.15086544,-100,-100
0.14903936,-100,-100
0.21816425,-100,-100
0.21816425,-100,-100
0.14903936,-100,-100
0.2278494,-100,-100
0.25890085,-100,-100
0.07400345,-100,-100
0.048677217,-100,-100
0.073809475,-100,-100
0.09361122,-100,-100
0.11720213,-100,-100
0.14103688,-100,-100
0.15487377,-100,-100
0.11255768,-100,-100
