pt_ms,pt_tf,ms_tf
0.2645061,-100,-100
0.25546917,-100,-100
0.26592335,-100,-100
0.2602632,-100,-100
0.2404108,-100,-100
0.25142735,-100,-100
0.25238556,-100,-100
0.2471158,-100,-100
0.25064427,-100,-100
0.2545451,-100,-100
0.24815826,-100,-100
0.24820761,-100,-100
0.24745198,-100,-100
0.25775748,-100,-100
0.25975537,-100,-100
0.26464042,-100,-100
0.26669917,-100,-100
0.26378325,-100,-100
0.26714748,-100,-100
0.26896948,-100,-100
