pt_ms,pt_tf,ms_tf
0.063475534,-100,-100
0.063074626,-100,-100
0.062775776,-100,-100
0.06282906,-100,-100
0.06375736,-100,-100
0.060365736,-100,-100
0.057800576,-100,-100
0.05745886,-100,-100
,-100,-100
,-100,-100
,-100,-100
,-100,-100
,-100,-100
,-100,-100
,-100,-100
,-100,-100
,-100,-100
,-100,-100
,-100,-100
,-100,-100
