pt_ms,pt_tf,ms_tf
0.014601128,-100,-100
0.049206324,-100,-100
0.053540565,-100,-100
0.051492188,-100,-100
0.057732303,-100,-100
0.055806547,-100,-100
0.06370125,-100,-100
0.14867552,-100,-100
0.15373974,-100,-100
0.124058306,-100,-100
0.12394187,-100,-100
0.12033609,-100,-100
0.12392015,-100,-100
0.12634534,-100,-100
0.12928538,-100,-100
0.13172027,-100,-100
0.13137978,-100,-100
0.1405724,-100,-100
0.13355185,-100,-100
0.13245828,-100,-100
