pt_ms,pt_tf,ms_tf
2.3993946e-06,-100,-100
2.3993946e-06,-100,-100
2.3993946e-06,-100,-100
2.513057e-06,-100,-100
2.513057e-06,-100,-100
2.3819464e-06,-100,-100
2.3819464e-06,-100,-100
2.3819464e-06,-100,-100
2.3819464e-06,-100,-100
2.4923581e-06,-100,-100
2.4923581e-06,-100,-100
2.4923581e-06,-100,-100
2.4923581e-06,-100,-100
2.4923581e-06,-100,-100
2.3379282e-06,-100,-100
2.3379282e-06,-100,-100
2.3379282e-06,-100,-100
2.3537305e-06,-100,-100
2.3537305e-06,-100,-100
2.1889205e-06,-100,-100
