pt_ms,pt_tf,ms_tf
8.590639e-05,-100,-100
9.910762e-05,-100,-100
7.190209e-05,-100,-100
6.93258e-05,-100,-100
7.4480784e-05,-100,-100
6.638896e-05,-100,-100
7.47901e-05,-100,-100
6.742781e-05,-100,-100
7.6645396e-05,-100,-100
8.109653e-05,-100,-100
6.515625e-05,-100,-100
5.870189e-05,-100,-100
6.5501474e-05,-100,-100
6.444815e-05,-100,-100
6.534689e-05,-100,-100
9.859782e-05,-100,-100
7.067212e-05,-100,-100
7.185949e-05,-100,-100
8.038423e-05,-100,-100
7.5705124e-05,-100,-100
