pt_ms,pt_tf,ms_tf
0.000336051,-100,-100
0.0003682375,-100,-100
0.00039815903,-100,-100
0.0003517866,-100,-100
0.00041520596,-100,-100
0.00045502186,-100,-100
0.00047683716,-100,-100
0.00045645237,-100,-100
0.0005568266,-100,-100
0.00056552887,-100,-100
0.00048220158,-100,-100
0.00050878525,-100,-100
0.0006067753,-100,-100
0.0007021427,-100,-100
0.0006761551,-100,-100
0.00068485737,-100,-100
0.00045382977,-100,-100
0.0005021095,-100,-100
0.00025093555,-100,-100
0.00016188622,-100,-100
