pt_ms,pt_tf,ms_tf
0.21910842,-100,-100
0.21998458,-100,-100
0.21877983,-100,-100
0.21840215,-100,-100
0.21779856,-100,-100
0.21603818,-100,-100
0.21520993,-100,-100
0.21768555,-100,-100
0.2090421,-100,-100
0.22147162,-100,-100
0.22007215,-100,-100
0.22003746,-100,-100
0.222664,-100,-100
0.22309467,-100,-100
0.2246747,-100,-100
0.22524622,-100,-100
0.22564407,-100,-100
0.22686687,-100,-100
0.22686687,-100,-100
0.22761178,-100,-100
