pt_ms,pt_tf,ms_tf
0.28770915,-100,-100
0.460005,-100,-100
0.31878003,-100,-100
0.37393486,-100,-100
0.41096604,-100,-100
1.22068,-100,-100
2.008358,-100,-100
2.0263643,-100,-100
4.791811,-100,-100
29.856024,-100,-100
51.556877,-100,-100
143.3303,-100,-100
275.64984,-100,-100
1853.2985,-100,-100
15663.428,-100,-100
23593.814,-100,-100
36763.51,-100,-100
66901.19,-100,-100
76574.27,-100,-100
49093.684,-100,-100
