pt_ms,pt_tf,ms_tf
0.24688326,-100,-100
0.22177505,-100,-100
0.12572357,-100,-100
0.12594071,-100,-100
0.1265092,-100,-100
0.14199838,-100,-100
0.14375171,-100,-100
0.13767196,-100,-100
0.13775796,-100,-100
0.14254627,-100,-100
0.13821721,-100,-100
0.13734458,-100,-100
0.15031618,-100,-100
0.14971562,-100,-100
0.14620197,-100,-100
0.12502533,-100,-100
0.12704268,-100,-100
0.12363061,-100,-100
0.12639102,-100,-100
0.15885414,-100,-100
