pt_ms,pt_tf,ms_tf
5.2039446e-05,-100,-100
7.1489e-05,-100,-100
4.6832236e-05,-100,-100
0.00012683733,-100,-100
0.00014629698,-100,-100
0.00010409906,-100,-100
0.00010568581,-100,-100
0.000116464544,-100,-100
6.367466e-05,-100,-100
6.948082e-05,-100,-100
5.948567e-05,-100,-100
3.9642353e-05,-100,-100
6.4954904e-05,-100,-100
5.163312e-05,-100,-100
5.9437127e-05,-100,-100
5.3235162e-05,-100,-100
6.6647655e-05,-100,-100
6.1641615e-05,-100,-100
5.5627355e-05,-100,-100
5.2940417e-05,-100,-100
