pt_ms,pt_tf,ms_tf
6.000576e-05,-100,-100
5.1635863e-05,-100,-100
3.3711367e-05,-100,-100
2.1087444e-05,-100,-100
1.7359767e-05,-100,-100
4.560187e-05,-100,-100
2.9472349e-05,-100,-100
2.547783e-05,-100,-100
2.5102801e-05,-100,-100
3.1216034e-05,-100,-100
2.4580926e-05,-100,-100
1.665759e-05,-100,-100
8.258293e-06,-100,-100
2.5138166e-05,-100,-100
1.2804492e-05,-100,-100
1.458849e-05,-100,-100
2.6009742e-05,-100,-100
3.875569e-05,-100,-100
1.4320701e-05,-100,-100
1.3467473e-05,-100,-100
