pt_ms,pt_tf,ms_tf
0.1443646,-100,-100
0.40209362,-100,-100
0.31769025,-100,-100
0.32113156,-100,-100
0.33520767,-100,-100
0.37499845,-100,-100
0.3834884,-100,-100
0.4055072,-100,-100
0.37116405,-100,-100
0.34010565,-100,-100
0.34445682,-100,-100
0.35689098,-100,-100
0.33281854,-100,-100
0.3922126,-100,-100
0.3814103,-100,-100
0.37134114,-100,-100
0.30573636,-100,-100
0.33621493,-100,-100
0.3678402,-100,-100
0.37626034,-100,-100
