pt_ms,pt_tf,ms_tf
2.4462926,-100,-100
3.3668652,-100,-100
3.9348505,-100,-100
3.4647229,-100,-100
4.241021,-100,-100
2.895787,-100,-100
2.5023384,-100,-100
5.32664,-100,-100
2.984004,-100,-100
2.8941767,-100,-100
4.158816,-100,-100
5.016455,-100,-100
4.788287,-100,-100
4.545535,-100,-100
4.671761,-100,-100
7.0597053,-100,-100
7.0184674,-100,-100
7.394623,-100,-100
7.8380632,-100,-100
7.7596517,-100,-100
