pt_ms,pt_tf,ms_tf
0.30960044,-100,-100
0.3150765,-100,-100
2.6921341,-100,-100
3.4544575,-100,-100
6.221546,-100,-100
7.468678,-100,-100
4.442711,-100,-100
14.303023,-100,-100
8.66375,-100,-100
63.3569,-100,-100
