pt_ms,pt_tf,ms_tf
4.696066e-06,1.3447448e-06,5.4919506e-06
0.013796071,0.014895193,0.026249172
0.019627087,0.018521301,0.018696122
30.933954,28.744576,46.582844
14794.963,10294.585,13503.439
51156.473,87602.445,81700.17
2279144200.0,1906803100.0,1814970200.0
14639628000000.0,8914128000000.0,17173367000000.0
1506790200000000.0,1397998300000000.0,495867000000000.0
1506790200000000.0,1375358200000000.0,500522700000000.0
