pt_ms,pt_tf,ms_tf
0.00013494649,-100,-100
0.00630721,-100,-100
0.05603467,-100,-100
0.16701315,-100,-100
1.237141,-100,-100
24.57662,-100,-100
1133.4458,-100,-100
8079.7573,-100,-100
8079.7573,-100,-100
8079.7573,-100,-100
