pt_ms,pt_tf,ms_tf
1.4116483,0.0025428832,1.4114369
3.6836348,0.0072070123,3.686047
5.0758915,0.03068378,5.0860167
11.027441,0.029469633,11.008309
115.695145,0.14725536,115.72725
326.0897,0.98798525,325.45715
3034.115,20.673828,3049.3076
49381.2,31.682032,49379.05
1424558.4,2572.3374,1422941.1
1424558.4,2867.4875,1422941.1
