pt_ms,pt_tf,ms_tf
0.00027839196,-100,-100
0.00027307463,-100,-100
0.000633258,-100,-100
0.00084065576,-100,-100
0.0012258263,-100,-100
0.0007105601,-100,-100
0.000874469,-100,-100
0.016295342,-100,-100
0.02987196,-100,-100
0.033574034,-100,-100
