pt_ms,pt_tf,ms_tf
3.577488e-06,-100,-100
3.577488e-06,-100,-100
3.577488e-06,-100,-100
3.577488e-06,-100,-100
3.577488e-06,-100,-100
3.577488e-06,-100,-100
4.87628e-06,-100,-100
1.0534933e-05,-100,-100
1.0534933e-05,-100,-100
2.1010801e-05,-100,-100
