pt_ms,pt_tf,ms_tf
0.00033581257,-100,-100
0.041707993,-100,-100
0.065752625,-100,-100
0.065752625,-100,-100
0.065752625,-100,-100
