mstorch_pt_ms,mstorch_pt_tf,mstorch_ms_tf,mstorch_lasttwo_dist,ms_distance,torch_distance,if_success
0.00033581257,-100,-100,1.2793604e-05,0.0,0.42470288,False
0.041707993,-100,-100,0.0011516403,0.02896754,0.37198496,True
0.065752625,-100,-100,0.001896159,0.044707406,0.40701064,True
0.065752625,-100,-100,0.001896159,0.044707406,0.42470288,False
0.065752625,-100,-100,0.001896159,0.044707406,0.42470288,False
