pt_ms,pt_tf,ms_tf
0.8710851,-100,-100
1.0269693,-100,-100
1.8722402,-100,-100
3.493274,-100,-100
1.7025238,-100,-100
1.7363261,-100,-100
1.8261074,-100,-100
3.0548692,-100,-100
3.026352,-100,-100
3.0548692,-100,-100
