pt_ms,pt_tf,ms_tf
2.6756368e-07,-100,-100
1.4795353e-07,-100,-100
1.4919162e-07,-100,-100
1.4627273e-07,-100,-100
1.4677629e-07,-100,-100
5.586315e-05,-100,-100
5.5560515e-05,-100,-100
7.2516036e-06,-100,-100
7.288169e-06,-100,-100
8.182843e-06,-100,-100
7.965787e-06,-100,-100
7.681339e-06,-100,-100
7.709277e-06,-100,-100
7.797562e-06,-100,-100
7.285179e-06,-100,-100
7.311693e-06,-100,-100
3.9537736e-06,-100,-100
2.9059918e-06,-100,-100
2.5737231e-06,-100,-100
2.1926526e-06,-100,-100
