pt_ms,pt_tf,ms_tf
6.9797396e-05,-100,-100
7.0981405e-05,-100,-100
6.3777894e-05,-100,-100
6.360167e-05,-100,-100
6.4644075e-05,-100,-100
5.427094e-05,-100,-100
5.642002e-05,-100,-100
5.8225436e-05,-100,-100
6.0778693e-05,-100,-100
4.923225e-05,-100,-100
6.611047e-05,-100,-100
6.553976e-05,-100,-100
6.2262996e-05,-100,-100
6.0794413e-05,-100,-100
5.1966806e-05,-100,-100
7.8611e-05,-100,-100
6.980921e-05,-100,-100
7.630676e-05,-100,-100
6.743355e-05,-100,-100
9.5040115e-05,-100,-100
