pt_ms,pt_tf,ms_tf
0.88374954,-100,-100
0.8883567,-100,-100
0.89522624,-100,-100
0.9391269,-100,-100
0.9375758,-100,-100
0.93317676,-100,-100
0.93065095,-100,-100
0.97516555,-100,-100
0.9812879,-100,-100
0.9400653,-100,-100
0.9406199,-100,-100
0.9421907,-100,-100
0.94096214,-100,-100
0.9434478,-100,-100
0.9628617,-100,-100
0.96831423,-100,-100
0.97057223,-100,-100
0.9811647,-100,-100
0.9882203,-100,-100
1.019366,-100,-100
