pt_ms,pt_tf,ms_tf
0.5750025,-100,-100
0.2915709,-100,-100
0.33234173,-100,-100
0.18717857,-100,-100
0.2432048,-100,-100
0.22145192,-100,-100
0.20781477,-100,-100
0.24244988,-100,-100
0.15834671,-100,-100
0.15771514,-100,-100
0.09207963,-100,-100
0.08181324,-100,-100
0.08366928,-100,-100
0.11280315,-100,-100
0.11278661,-100,-100
0.11307013,-100,-100
0.109185144,-100,-100
0.0816448,-100,-100
0.07932009,-100,-100
0.06514634,-100,-100
