pt_ms,pt_tf,ms_tf
4.5120916e-05,-100,-100
4.4820612e-05,-100,-100
5.4053842e-05,-100,-100
5.5425062e-05,-100,-100
3.9419683e-05,-100,-100
3.763279e-05,-100,-100
1.0260169e-05,-100,-100
1.0257764e-05,-100,-100
9.641238e-06,-100,-100
9.581317e-06,-100,-100
3.004529e-05,-100,-100
2.826402e-05,-100,-100
2.3579652e-05,-100,-100
2.3007238e-05,-100,-100
2.2665583e-05,-100,-100
8.862389e-06,-100,-100
8.32273e-06,-100,-100
8.015814e-06,-100,-100
7.996567e-06,-100,-100
2.9212408e-05,-100,-100
