pt_ms,pt_tf,ms_tf
0.00030743904,-100,-100
0.00020417217,-100,-100
0.00027932285,-100,-100
6.51761e-05,-100,-100
8.427225e-05,-100,-100
3.889823e-05,-100,-100
4.720002e-05,-100,-100
8.725997e-05,-100,-100
1.676091e-05,-100,-100
0.00010904541,-100,-100
4.8502847e-05,-100,-100
2.8639935e-05,-100,-100
0.0001560304,-100,-100
1.3154659e-05,-100,-100
1.522263e-05,-100,-100
1.4713183e-05,-100,-100
1.5631325e-05,-100,-100
1.3738326e-05,-100,-100
6.372639e-05,-100,-100
6.5287466e-05,-100,-100
