pt_ms,pt_tf,ms_tf
7.928027e-06,-100,-100
3.3432018e-06,-100,-100
5.550937e-06,-100,-100
2.702445e-06,-100,-100
5.926589e-07,-100,-100
1.0718829e-06,-100,-100
1.0303819e-05,-100,-100
9.7786415e-06,-100,-100
9.997909e-06,-100,-100
9.973422e-06,-100,-100
2.1303044e-06,-100,-100
9.887086e-07,-100,-100
2.2065394e-06,-100,-100
2.497521e-06,-100,-100
1.1109445e-06,-100,-100
1.0156216e-06,-100,-100
1.0104175e-06,-100,-100
4.09256e-06,-100,-100
4.0556206e-06,-100,-100
4.055071e-06,-100,-100
