pt_ms,pt_tf,ms_tf
7.40673e-05,-100,-100
8.0539125e-05,-100,-100
7.384212e-05,-100,-100
7.6744735e-05,-100,-100
7.026803e-05,-100,-100
6.484044e-05,-100,-100
0.00016315734,-100,-100
9.233789e-05,-100,-100
4.227741e-05,-100,-100
2.5167423e-05,-100,-100
2.4661716e-05,-100,-100
4.252348e-05,-100,-100
4.9393042e-05,-100,-100
5.3575444e-05,-100,-100
7.8314675e-05,-100,-100
4.691949e-05,-100,-100
4.4356028e-05,-100,-100
6.0160997e-05,-100,-100
6.103299e-05,-100,-100
6.249582e-05,-100,-100
