pt_ms,pt_tf,ms_tf
0.94024825,-100,-100
0.86396956,-100,-100
0.31201476,-100,-100
0.31658837,-100,-100
0.28836048,-100,-100
0.3577275,-100,-100
0.3577275,-100,-100
0.4060098,-100,-100
0.42677712,-100,-100
0.36426556,-100,-100
0.6147673,-100,-100
0.6147673,-100,-100
0.595839,-100,-100
1.0557551,-100,-100
0.05365188,-100,-100
0.03517373,-100,-100
0.15176071,-100,-100
0.15199618,-100,-100
0.30157486,-100,-100
0.3151729,-100,-100
