pt_ms,pt_tf,ms_tf
0.38085997,-100,-100
0.37570882,-100,-100
0.3968285,-100,-100
0.4081735,-100,-100
0.39717454,-100,-100
0.41415316,-100,-100
0.41010514,-100,-100
0.4227743,-100,-100
0.42056856,-100,-100
0.39338952,-100,-100
0.3069228,-100,-100
0.30398494,-100,-100
0.41008225,-100,-100
0.191682,-100,-100
0.19110124,-100,-100
0.18341807,-100,-100
0.18264085,-100,-100
0.18637104,-100,-100
0.18575908,-100,-100
0.18823569,-100,-100
