pt_ms,pt_tf,ms_tf
0.005210905,-100,-100
1.0194494,-100,-100
24.467598,-100,-100
20.020752,-100,-100
19.65104,-100,-100
19.662031,-100,-100
19.662031,-100,-100
19.662031,-100,-100
19.648888,-100,-100
15.111308,-100,-100
14.90174,-100,-100
14.90174,-100,-100
45.04197,-100,-100
45.04197,-100,-100
55.69193,-100,-100
3.2470076,-100,-100
3.2470076,-100,-100
3.3583457,-100,-100
3.305002,-100,-100
3.3020394,-100,-100
