pt_ms,pt_tf,ms_tf
0.62270623,-100,-100
0.5307529,-100,-100
0.54813766,-100,-100
1.5704392,-100,-100
12.082117,-100,-100
5166.226,-100,-100
5166.226,-100,-100
5166.226,-100,-100
798933.1,-100,-100
7452243000.0,-100,-100
7452219000.0,-100,-100
7452219000.0,-100,-100
1907134000000.0,-100,-100
1146174200000000.0,-100,-100
7641308000000000.0,-100,-100
1.183042e+20,-100,-100
1.0053374e+22,-100,-100
9.050752e+26,-100,-100
8.1406857e+27,-100,-100
8.140433e+27,-100,-100
