pt_ms,pt_tf,ms_tf
0.6286281,-100,-100
0.44676208,-100,-100
0.4495142,-100,-100
0.45733714,-100,-100
0.5425534,-100,-100
0.5441987,-100,-100
0.71555364,-100,-100
0.6852224,-100,-100
0.60800606,-100,-100
0.59898037,-100,-100
0.62134665,-100,-100
0.66569626,-100,-100
0.6688012,-100,-100
0.670728,-100,-100
0.57460153,-100,-100
0.56801397,-100,-100
0.5742247,-100,-100
0.54290867,-100,-100
0.5698476,-100,-100
0.56478685,-100,-100
