pt_ms,pt_tf,ms_tf
6.244451e-05,-100,-100
7.96126e-05,-100,-100
6.8295696e-05,-100,-100
6.686467e-05,-100,-100
5.966443e-05,-100,-100
6.4553205e-05,-100,-100
6.2112755e-05,-100,-100
7.194089e-05,-100,-100
6.7152454e-05,-100,-100
6.570042e-05,-100,-100
6.155388e-05,-100,-100
5.8903348e-05,-100,-100
5.8434485e-05,-100,-100
5.1741612e-05,-100,-100
5.492635e-05,-100,-100
6.282984e-05,-100,-100
6.1502986e-05,-100,-100
6.880533e-05,-100,-100
6.51752e-05,-100,-100
7.7454344e-05,-100,-100
