pt_ms,pt_tf,ms_tf
0.0005947482,-100,-100
0.0005096801,-100,-100
0.00072354794,-100,-100
0.0005525731,-100,-100
0.00057035143,-100,-100
0.00054258324,-100,-100
0.00086946646,-100,-100
0.0007408643,-100,-100
0.0006389085,-100,-100
0.0007962509,-100,-100
0.0004768695,-100,-100
0.00042562306,-100,-100
0.00044964772,-100,-100
0.0004970243,-100,-100
0.00047076104,-100,-100
0.00063971063,-100,-100
0.0003195447,-100,-100
0.00029576957,-100,-100
0.00046986388,-100,-100
0.00045880844,-100,-100
