pt_ms,pt_tf,ms_tf
2.3993946e-06,-100,-100
2.5364504e-06,-100,-100
2.5364504e-06,-100,-100
2.5364504e-06,-100,-100
2.5364504e-06,-100,-100
2.5364504e-06,-100,-100
2.5364504e-06,-100,-100
2.5364504e-06,-100,-100
2.5364504e-06,-100,-100
2.557505e-06,-100,-100
2.557505e-06,-100,-100
2.557505e-06,-100,-100
2.557505e-06,-100,-100
2.557505e-06,-100,-100
2.557505e-06,-100,-100
2.557505e-06,-100,-100
2.4058663e-06,-100,-100
2.4058663e-06,-100,-100
2.4058663e-06,-100,-100
2.4058663e-06,-100,-100
