pt_ms,pt_tf,ms_tf
9.522238e-05,-100,-100
8.405891e-05,-100,-100
9.746471e-05,-100,-100
8.9236164e-05,-100,-100
8.2585844e-05,-100,-100
7.6128206e-05,-100,-100
8.751612e-05,-100,-100
6.95507e-05,-100,-100
6.8929716e-05,-100,-100
8.3347535e-05,-100,-100
9.159205e-05,-100,-100
7.8491474e-05,-100,-100
9.03914e-05,-100,-100
8.306165e-05,-100,-100
6.929651e-05,-100,-100
7.6166965e-05,-100,-100
7.223959e-05,-100,-100
8.3097395e-05,-100,-100
8.0090984e-05,-100,-100
8.2650055e-05,-100,-100
