pt_ms,pt_tf,ms_tf
0.00032949448,-100,-100
0.00032949448,-100,-100
0.0003219843,-100,-100
0.00033462048,-100,-100
0.00033462048,-100,-100
0.00031876564,-100,-100
0.00032949448,-100,-100
0.0003271103,-100,-100
0.00033462048,-100,-100
0.00033462048,-100,-100
0.00033462048,-100,-100
0.00033462048,-100,-100
0.00033044815,-100,-100
0.00033187866,-100,-100
0.00033044815,-100,-100
0.0003298521,-100,-100
0.00033175945,-100,-100
0.00033330917,-100,-100
0.0003311634,-100,-100
0.0003311634,-100,-100
