pt_ms,pt_tf,ms_tf
1.0862045,-100,-100
1.0136966,-100,-100
1.050192,-100,-100
1.0235363,-100,-100
1.0360391,-100,-100
0.98146623,-100,-100
1.0058084,-100,-100
1.0057718,-100,-100
1.0034959,-100,-100
1.0251232,-100,-100
1.0248189,-100,-100
1.0889585,-100,-100
1.0847629,-100,-100
1.0729318,-100,-100
1.0175023,-100,-100
0.98815763,-100,-100
0.9691163,-100,-100
1.0026444,-100,-100
0.98519796,-100,-100
0.94788176,-100,-100
