pt_ms,pt_tf,ms_tf
0.22708705,-100,-100
0.22487417,-100,-100
0.2281389,-100,-100
0.22796783,-100,-100
0.22612092,-100,-100
0.22973368,-100,-100
0.22814977,-100,-100
0.2258831,-100,-100
0.22993743,-100,-100
0.22765997,-100,-100
0.23447308,-100,-100
0.227252,-100,-100
0.24393325,-100,-100
0.23095945,-100,-100
0.24348012,-100,-100
0.24261534,-100,-100
0.24128374,-100,-100
0.23684642,-100,-100
0.23648348,-100,-100
0.24703518,-100,-100
