pt_ms,pt_tf,ms_tf
0.42769054,-100,-100
0.24750751,-100,-100
0.27953434,-100,-100
0.2766655,-100,-100
0.33587396,-100,-100
0.2926469,-100,-100
0.28933245,-100,-100
0.31981948,-100,-100
0.15578742,-100,-100
0.15577881,-100,-100
0.14420106,-100,-100
0.1441699,-100,-100
0.14624336,-100,-100
0.083656356,-100,-100
0.14429763,-100,-100
0.15197389,-100,-100
0.14980027,-100,-100
0.15032353,-100,-100
0.13291742,-100,-100
0.15242673,-100,-100
