pt_ms,pt_tf,ms_tf
0.67911446,-100,-100
0.67911446,-100,-100
0.3686383,-100,-100
0.4033881,-100,-100
0.4493693,-100,-100
0.32787505,-100,-100
0.1145181,-100,-100
0.13275042,-100,-100
0.13874543,-100,-100
0.55816,-100,-100
0.4202044,-100,-100
0.43921372,-100,-100
0.7392999,-100,-100
0.55816,-100,-100
0.41910225,-100,-100
0.41760346,-100,-100
0.14274849,-100,-100
0.4850373,-100,-100
0.35465845,-100,-100
0.44397813,-100,-100
