pt_ms,pt_tf,ms_tf
5.5661836e-05,-100,-100
5.7451747e-05,-100,-100
0.000107758395,-100,-100
6.52586e-05,-100,-100
5.240977e-05,-100,-100
6.01306e-05,-100,-100
1.6279191e-05,-100,-100
1.6283879e-05,-100,-100
2.217273e-05,-100,-100
2.5032181e-05,-100,-100
2.3643555e-05,-100,-100
2.3643557e-05,-100,-100
2.6986487e-05,-100,-100
2.0010782e-05,-100,-100
1.4851714e-05,-100,-100
1.599919e-05,-100,-100
2.1996879e-05,-100,-100
2.5599378e-05,-100,-100
1.5166074e-05,-100,-100
2.422273e-05,-100,-100
