pt_ms,pt_tf,ms_tf
5.580042e-05,-100,-100
4.9863753e-05,-100,-100
2.351386e-05,-100,-100
1.39335225e-05,-100,-100
1.4657039e-05,-100,-100
1.4657025e-05,-100,-100
2.4969102e-05,-100,-100
5.949042e-05,-100,-100
5.7459965e-05,-100,-100
5.7459965e-05,-100,-100
2.842435e-05,-100,-100
1.5068029e-05,-100,-100
6.323121e-05,-100,-100
5.428316e-05,-100,-100
0.0001476355,-100,-100
1.3676773e-05,-100,-100
1.5580892e-05,-100,-100
1.2981857e-05,-100,-100
1.20064215e-05,-100,-100
9.113984e-06,-100,-100
