pt_ms,pt_tf,ms_tf
0.9434668,-100,-100
1.0837269,-100,-100
0.9434668,-100,-100
1.0837269,-100,-100
0.9434668,-100,-100
0.16558267,-100,-100
0.16558267,-100,-100
0.633038,-100,-100
1.2909212,-100,-100
0.42368886,-100,-100
0.95150477,-100,-100
1.2909212,-100,-100
0.42368886,-100,-100
0.27194113,-100,-100
0.40947354,-100,-100
0.27194113,-100,-100
0.9434668,-100,-100
0.9434668,-100,-100
0.95150477,-100,-100
0.95150477,-100,-100
