pt_ms,pt_tf,ms_tf
1.0675526,-100,-100
1.5337294,-100,-100
1.5965145,-100,-100
0.66394454,-100,-100
0.9562991,-100,-100
1.4065452,-100,-100
1.3054355,-100,-100
0.66936266,-100,-100
0.7071735,-100,-100
0.76288986,-100,-100
1.2466577,-100,-100
1.0901452,-100,-100
1.946754,-100,-100
1.946754,-100,-100
1.1650708,-100,-100
1.3366379,-100,-100
1.6408099,-100,-100
2.1825378,-100,-100
0.49202758,-100,-100
0.9391463,-100,-100
