pt_ms,pt_tf,ms_tf
0.6328998,-100,-100
0.42328236,-100,-100
0.6444426,-100,-100
0.6457465,-100,-100
0.7906445,-100,-100
0.3558216,-100,-100
0.72770005,-100,-100
0.39330798,-100,-100
0.3637562,-100,-100
0.3986217,-100,-100
0.3877611,-100,-100
0.27104104,-100,-100
0.30024624,-100,-100
0.3249305,-100,-100
0.29554737,-100,-100
0.27116022,-100,-100
0.19180046,-100,-100
0.22866027,-100,-100
0.29482403,-100,-100
0.2997677,-100,-100
