pt_ms,pt_tf,ms_tf
3.5883542e-05,-100,-100
4.7597998e-05,-100,-100
3.3878296e-05,-100,-100
3.100648e-05,-100,-100
2.809488e-05,-100,-100
2.3611701e-05,-100,-100
2.442288e-05,-100,-100
2.617305e-05,-100,-100
2.6622776e-05,-100,-100
2.6286623e-05,-100,-100
2.4093522e-05,-100,-100
2.5447465e-05,-100,-100
2.8343984e-05,-100,-100
3.9309594e-05,-100,-100
2.9997578e-05,-100,-100
2.8565488e-05,-100,-100
3.4532513e-05,-100,-100
2.5838917e-05,-100,-100
3.393506e-05,-100,-100
3.1799605e-05,-100,-100
