pt_ms,pt_tf,ms_tf
0.0001482493,-100,-100
0.00032516517,-100,-100
0.00012244326,-100,-100
0.000108895016,-100,-100
0.00010284675,-100,-100
8.328495e-05,-100,-100
0.00016091486,-100,-100
9.930442e-05,-100,-100
6.9540074e-05,-100,-100
0.00012316325,-100,-100
0.00015095995,-100,-100
0.000120442455,-100,-100
0.00021625032,-100,-100
0.00011235137,-100,-100
0.00013072624,-100,-100
9.339819e-05,-100,-100
9.956201e-05,-100,-100
0.0001606947,-100,-100
0.00021610296,-100,-100
0.00015045254,-100,-100
