pt_ms,pt_tf,ms_tf
2.3993946e-06,-100,-100
2.3140915e-06,-100,-100
2.3140915e-06,-100,-100
2.77947e-06,-100,-100
2.7509927e-06,-100,-100
2.7509927e-06,-100,-100
2.7509927e-06,-100,-100
2.7509927e-06,-100,-100
2.7509927e-06,-100,-100
2.7509927e-06,-100,-100
2.7509927e-06,-100,-100
2.7509927e-06,-100,-100
2.7651072e-06,-100,-100
2.1916383e-06,-100,-100
2.1916383e-06,-100,-100
2.1916383e-06,-100,-100
2.043502e-06,-100,-100
2.043502e-06,-100,-100
2.043502e-06,-100,-100
2.043502e-06,-100,-100
