pt_ms,pt_tf,ms_tf
0.000120351506,-100,-100
2.2965412e-05,-100,-100
7.1120544e-06,-100,-100
6.0252696e-06,-100,-100
2.0646705e-06,-100,-100
1.240979e-06,-100,-100
8.7211174e-07,-100,-100
6.4616506e-07,-100,-100
3.0865178e-07,-100,-100
2.404244e-07,-100,-100
1.5979386e-07,-100,-100
1.3323302e-07,-100,-100
8.392302e-08,-100,-100
9.8995436e-08,-100,-100
9.800323e-08,-100,-100
4.6486623e-08,-100,-100
4.1374122e-08,-100,-100
4.312619e-08,-100,-100
4.4919485e-08,-100,-100
4.0834397e-08,-100,-100
