pt_ms,pt_tf,ms_tf
0.0014978647,-100,-100
0.006110668,-100,-100
0.00027614832,-100,-100
0.002842009,-100,-100
0.0005044937,-100,-100
0.0063759685,-100,-100
0.011480987,-100,-100
0.013907015,-100,-100
0.0116606355,-100,-100
0.0013259649,-100,-100
0.009310842,-100,-100
0.00096547604,-100,-100
0.003174305,-100,-100
0.021386832,-100,-100
0.014778227,-100,-100
0.019867241,-100,-100
0.011917949,-100,-100
0.017701447,-100,-100
0.0048534274,-100,-100
0.009947568,-100,-100
