pt_ms,pt_tf,ms_tf
0.6475189,-100,-100
0.6475189,-100,-100
0.30561483,-100,-100
0.2948525,-100,-100
0.16656147,-100,-100
0.12867858,-100,-100
0.07072979,-100,-100
0.048978105,-100,-100
0.023489313,-100,-100
0.023489313,-100,-100
0.013585449,-100,-100
0.008683576,-100,-100
0.008278594,-100,-100
0.008751117,-100,-100
0.007696284,-100,-100
0.007696284,-100,-100
0.0067121647,-100,-100
0.0063676797,-100,-100
0.007831832,-100,-100
0.007920901,-100,-100
