pt_ms,pt_tf,ms_tf
0.4031519,-100,-100
0.49923444,-100,-100
0.5518366,-100,-100
0.8676607,-100,-100
3.6247032,-100,-100
4.7610416,-100,-100
7.3668213,-100,-100
9.368128,-100,-100
15.283282,-100,-100
24.498913,-100,-100
30.614788,-100,-100
41.0418,-100,-100
39.304146,-100,-100
47.198452,-100,-100
39.47073,-100,-100
43.496147,-100,-100
54.214874,-100,-100
65.76926,-100,-100
79.53344,-100,-100
182.04906,-100,-100
