pt_ms,pt_tf,ms_tf
0.050334822,-100,-100
0.034597404,-100,-100
0.031964835,-100,-100
0.031176567,-100,-100
0.031176567,-100,-100
0.031176567,-100,-100
0.031176567,-100,-100
0.031176567,-100,-100
0.031176567,-100,-100
0.031176567,-100,-100
0.031176567,-100,-100
0.031176567,-100,-100
0.031176567,-100,-100
0.031176567,-100,-100
0.031176567,-100,-100
0.031176567,-100,-100
0.031176567,-100,-100
0.031176567,-100,-100
0.031176567,-100,-100
0.031176567,-100,-100
