pt_ms,pt_tf,ms_tf
5.4863238e-05,-100,-100
5.0193383e-05,-100,-100
4.953736e-05,-100,-100
4.9850547e-05,-100,-100
4.9854803e-05,-100,-100
4.9854803e-05,-100,-100
4.9854803e-05,-100,-100
4.9854803e-05,-100,-100
4.9854803e-05,-100,-100
4.9854803e-05,-100,-100
4.9854803e-05,-100,-100
4.9854803e-05,-100,-100
4.9854803e-05,-100,-100
4.9854803e-05,-100,-100
4.9854803e-05,-100,-100
4.9854803e-05,-100,-100
4.9854803e-05,-100,-100
4.9854803e-05,-100,-100
4.9854803e-05,-100,-100
4.9854803e-05,-100,-100
