pt_ms,pt_tf,ms_tf
0.00034344924,-100,-100
0.00035684492,-100,-100
0.00035684492,-100,-100
0.00035684492,-100,-100
0.00035684492,-100,-100
0.00035684492,-100,-100
0.00035684492,-100,-100
0.00035684492,-100,-100
0.00035684492,-100,-100
0.00035684492,-100,-100
0.00035684492,-100,-100
0.00035684492,-100,-100
0.00035684492,-100,-100
0.00035684492,-100,-100
0.00035684492,-100,-100
0.00035684492,-100,-100
0.00035684492,-100,-100
0.00035684492,-100,-100
0.00035684492,-100,-100
0.00035684492,-100,-100
