pt_ms,pt_tf,ms_tf
7.406728e-05,-100,-100
7.4067306e-05,-100,-100
7.406731e-05,-100,-100
7.406728e-05,-100,-100
7.406728e-05,-100,-100
7.4067284e-05,-100,-100
7.406729e-05,-100,-100
7.406731e-05,-100,-100
7.406729e-05,-100,-100
7.406731e-05,-100,-100
7.4067284e-05,-100,-100
7.406729e-05,-100,-100
7.40673e-05,-100,-100
7.406729e-05,-100,-100
7.40673e-05,-100,-100
7.406728e-05,-100,-100
7.406729e-05,-100,-100
7.406728e-05,-100,-100
7.4067306e-05,-100,-100
7.40673e-05,-100,-100
