pt_ms,pt_tf,ms_tf
1.0074697,-100,-100
1.0074697,-100,-100
1.0074697,-100,-100
1.0074697,-100,-100
1.0074697,-100,-100
1.0074697,-100,-100
1.0074697,-100,-100
1.0074697,-100,-100
1.0074697,-100,-100
1.0074697,-100,-100
1.0074697,-100,-100
1.0074697,-100,-100
1.0074697,-100,-100
1.0074697,-100,-100
1.0074697,-100,-100
1.0074697,-100,-100
1.0074697,-100,-100
1.0074697,-100,-100
1.0074697,-100,-100
1.0074697,-100,-100
