pt_ms,pt_tf,ms_tf
0.23645298,-100,-100
0.23645298,-100,-100
0.23645298,-100,-100
0.23645298,-100,-100
0.23645298,-100,-100
0.23645298,-100,-100
0.23645298,-100,-100
0.23645298,-100,-100
0.23645298,-100,-100
0.23645298,-100,-100
0.23645298,-100,-100
0.23645298,-100,-100
0.23645298,-100,-100
0.23645298,-100,-100
0.23645298,-100,-100
0.23645298,-100,-100
0.23645298,-100,-100
0.23645298,-100,-100
0.23645298,-100,-100
0.23645298,-100,-100
