pt_ms,pt_tf,ms_tf
259.4995,-100,-100
259.4595,-100,-100
61000220.0,-100,-100
74537160.0,-100,-100
317913470.0,-100,-100
101244760000.0,-100,-100
111674530000.0,-100,-100
111674245000.0,-100,-100
2.4162176e+20,-100,-100
1.8498486e+18,-100,-100
1.8498439e+18,-100,-100
1.5379106e+23,-100,-100
5.1495534e+25,-100,-100
7.968751e+27,-100,-100
1.4069685e+24,-100,-100
5.948335e+24,-100,-100
1.547784e+27,-100,-100
1.5477956e+27,-100,-100
8.378754e+28,-100,-100
8.378702e+28,-100,-100
