pt_ms,pt_tf,ms_tf
0.3397695,-100,-100
2.9774706,-100,-100
3.8015094,-100,-100
9.142884,-100,-100
113010.33,-100,-100
473988.66,-100,-100
45528.65,-100,-100
30381.23,-100,-100
46174470.0,-100,-100
42790404.0,-100,-100
40420824.0,-100,-100
31654222.0,-100,-100
29983838.0,-100,-100
27392218.0,-100,-100
27407056.0,-100,-100
196718020.0,-100,-100
169148560.0,-100,-100
173109470.0,-100,-100
47762650.0,-100,-100
47382680.0,-100,-100
