pt_ms,pt_tf,ms_tf
1.4815136,-100,-100
1.5276345,-100,-100
0.835872,-100,-100
0.84318995,-100,-100
0.8158817,-100,-100
0.7532718,-100,-100
0.7532718,-100,-100
0.7497418,-100,-100
0.71463966,-100,-100
0.7325282,-100,-100
0.70914996,-100,-100
0.70914996,-100,-100
0.70914996,-100,-100
0.72114736,-100,-100
0.6407019,-100,-100
0.6407019,-100,-100
0.6407019,-100,-100
0.6407019,-100,-100
0.6407019,-100,-100
0.6407019,-100,-100
