pt_ms,pt_tf,ms_tf
7.406729e-05,-100,-100
3.0801932e-06,-100,-100
0.06580503,-100,-100
0.025717,-100,-100
0.024972627,-100,-100
0.03713004,-100,-100
0.027140133,-100,-100
0.0,-100,-100
0.0,-100,-100
0.0,-100,-100
0.0,-100,-100
0.0,-100,-100
0.0,-100,-100
0.0,-100,-100
474.58545,-100,-100
575.2975,-100,-100
575.2911,-100,-100
561.73663,-100,-100
555.41125,-100,-100
555.41125,-100,-100
