pt_ms,pt_tf,ms_tf
0.00033581257,-100,-100
5.3104105,-100,-100
5.3104105,-100,-100
5.3104105,-100,-100
5.3104105,-100,-100
5.30645,-100,-100
5.30645,-100,-100
5.30645,-100,-100
5.514407,-100,-100
89.74381,-100,-100
