pt_ms,pt_tf,ms_tf
1.0128927,-100,-100
45.55322,-100,-100
45.55322,-100,-100
211.73312,-100,-100
2305.1277,-100,-100
2305.1277,-100,-100
2305.1277,-100,-100
5008.787,-100,-100
5008.787,-100,-100
5008.787,-100,-100
6185.9004,-100,-100
6186.9907,-100,-100
6185.9004,-100,-100
6185.9004,-100,-100
6185.9004,-100,-100
6185.9004,-100,-100
6187.3267,-100,-100
6187.3267,-100,-100
6187.3267,-100,-100
6187.3267,-100,-100
