pt_ms,pt_tf,ms_tf
7.1725226e-05,-100,-100
5.8717436e-05,-100,-100
9.016703e-05,-100,-100
0.00012617288,-100,-100
7.3455594e-05,-100,-100
0.0001940855,-100,-100
0.00013018622,-100,-100
0.00024885882,-100,-100
0.00022800751,-100,-100
0.0001499828,-100,-100
0.00044039215,-100,-100
0.0005463499,-100,-100
0.0011047095,-100,-100
0.0020698165,-100,-100
0.0033274854,-100,-100
0.004123703,-100,-100
0.007441154,-100,-100
0.032279994,-100,-100
0.025314156,-100,-100
0.011018866,-100,-100
