pt_ms,pt_tf,ms_tf
0.00055434846,-100,-100
0.00018241306,-100,-100
0.0006171938,-100,-100
0.0005221298,-100,-100
0.00013538747,-100,-100
0.00011965094,-100,-100
0.000110660614,-100,-100
8.735355e-05,-100,-100
9.5658725e-05,-100,-100
0.00010896806,-100,-100
0.00012303985,-100,-100
0.00021997358,-100,-100
0.00019721237,-100,-100
0.00017825322,-100,-100
0.00016976218,-100,-100
0.00015500687,-100,-100
0.00022382828,-100,-100
0.00021458785,-100,-100
0.00023812357,-100,-100
0.00026576032,-100,-100
