pt_ms,pt_tf,ms_tf
0.4805206,-100,-100
0.94805115,-100,-100
1.330051,-100,-100
3.0097122,-100,-100
2.8871682,-100,-100
4.1542726,-100,-100
5.5322704,-100,-100
4.5732646,-100,-100
3.958517,-100,-100
3.9224513,-100,-100
5.9211287,-100,-100
4.5278883,-100,-100
4.467869,-100,-100
4.619922,-100,-100
4.541743,-100,-100
5.1748176,-100,-100
4.3485165,-100,-100
5.147551,-100,-100
7.4587355,-100,-100
7.8652124,-100,-100
