output_dis,img_auc_ms,pixel_auc_ms,img_auc_torch,pixel_auc_torch
5.76212587475311e-05,0.5,0.6732239951887528,0.5,0.5730554483557857
5.8491306845098734e-05,0.5,0.7845421592004167,0.5,0.7547541766911697
,0.5,0.5,0.5,0.7871021004962043
,0.5,0.5,0.5,0.6175782395430695
,0.5,0.5,0.5,0.33510295395646383
,0.5,0.5,0.5,0.38696224378372884
,0.5,0.5,0.5,0.28261540634849713
,0.5,0.5,0.5,0.20304670146201648
,0.5,0.5,0.5,0.2924313823557105
,0.5,0.5,0.5,0.6140586515808816
