pt_ms,pt_tf,ms_tf
3.4412756,-100,-100
16.813354,-100,-100
96.777824,-100,-100
96.777824,-100,-100
178.84717,-100,-100
14572.585,-100,-100
14572.585,-100,-100
14572.585,-100,-100
14572.585,-100,-100
175.93385,-100,-100
175.93385,-100,-100
175.93385,-100,-100
175.93385,-100,-100
175.93385,-100,-100
173.92175,-100,-100
173.92175,-100,-100
175.89606,-100,-100
175.89606,-100,-100
175.89606,-100,-100
175.89606,-100,-100
