pt_ms,pt_tf,ms_tf
209.96548,-100,-100
209.96548,-100,-100
209.96548,-100,-100
0.0,-100,-100
0.0,-100,-100
0.0,-100,-100
0.0,-100,-100
0.0004569888,-100,-100
0.0004569888,-100,-100
0.0004569888,-100,-100
3.8621583,-100,-100
3.8621583,-100,-100
3.8621583,-100,-100
3.8621583,-100,-100
3.8621583,-100,-100
15819.4,-100,-100
15819.4,-100,-100
15819.4,-100,-100
15819.4,-100,-100
15819.4,-100,-100
