pt_ms,pt_tf,ms_tf
0.41529348,-100,-100
0.123313464,-100,-100
0.5122434,-100,-100
1.0302147,-100,-100
0.7177365,-100,-100
0.9344576,-100,-100
0.65534234,-100,-100
0.6230891,-100,-100
0.49420553,-100,-100
0.555028,-100,-100
