pt_ms,pt_tf,ms_tf
5.8624195e-05,-100,-100
8.598773e-05,-100,-100
8.598771e-05,-100,-100
8.598773e-05,-100,-100
8.5987755e-05,-100,-100
8.5987725e-05,-100,-100
8.598775e-05,-100,-100
8.598775e-05,-100,-100
8.5987725e-05,-100,-100
8.598775e-05,-100,-100
