pt_ms,pt_tf,ms_tf
8.912544e-05,-100,-100
4.306822e-05,-100,-100
4.306822e-05,-100,-100
4.306822e-05,-100,-100
4.3068212e-05,-100,-100
4.3068234e-05,-100,-100
4.3068212e-05,-100,-100
4.3068234e-05,-100,-100
4.306822e-05,-100,-100
4.306822e-05,-100,-100
