pt_ms,pt_tf,ms_tf
0.22735582,-100,-100
0.22735582,-100,-100
0.22735582,-100,-100
0.22735582,-100,-100
0.22735582,-100,-100
0.22735582,-100,-100
0.22735582,-100,-100
0.22735582,-100,-100
0.22735582,-100,-100
0.22735582,-100,-100
