pt_ms,pt_tf,ms_tf
0.3620078,-100,-100
0.344848,-100,-100
0.3349686,-100,-100
0.33480754,-100,-100
0.33480754,-100,-100
0.33480754,-100,-100
0.33480754,-100,-100
0.33480754,-100,-100
0.33480754,-100,-100
0.33480754,-100,-100
0.33480754,-100,-100
0.33480754,-100,-100
0.33480754,-100,-100
0.33480754,-100,-100
0.33480754,-100,-100
0.33480754,-100,-100
0.33480754,-100,-100
0.33480754,-100,-100
0.33480754,-100,-100
0.33480754,-100,-100
