pt_ms,pt_tf,ms_tf
4.9658436e-05,-100,-100
5.039869e-05,-100,-100
4.2386346e-05,-100,-100
4.3584878e-05,-100,-100
4.3584878e-05,-100,-100
4.3584878e-05,-100,-100
4.3584878e-05,-100,-100
4.3584878e-05,-100,-100
4.3584878e-05,-100,-100
4.3584878e-05,-100,-100
4.3584878e-05,-100,-100
4.3584878e-05,-100,-100
4.3584878e-05,-100,-100
4.3584878e-05,-100,-100
4.3584878e-05,-100,-100
4.3584878e-05,-100,-100
4.3584878e-05,-100,-100
4.3584878e-05,-100,-100
4.3584878e-05,-100,-100
4.3584878e-05,-100,-100
