pt_ms,pt_tf,ms_tf
0.22930428,-100,-100
0.22959492,-100,-100
0.22959492,-100,-100
0.22959492,-100,-100
0.22959492,-100,-100
0.22959492,-100,-100
0.22959492,-100,-100
0.22959492,-100,-100
0.22959492,-100,-100
0.22959492,-100,-100
0.22959492,-100,-100
0.22959492,-100,-100
0.22959492,-100,-100
0.22959492,-100,-100
0.22959492,-100,-100
0.22959492,-100,-100
0.22959492,-100,-100
0.22959492,-100,-100
0.22959492,-100,-100
0.22959492,-100,-100
