pt_ms,pt_tf,ms_tf
1.1348514e-05,-100,-100
0.000339498,-100,-100
0.0012823881,-100,-100
0.030007703,-100,-100
0.030007703,-100,-100
0.030007703,-100,-100
0.030007703,-100,-100
0.030007703,-100,-100
0.030007703,-100,-100
0.030007703,-100,-100
0.030007703,-100,-100
0.030007703,-100,-100
0.030007703,-100,-100
0.030007703,-100,-100
0.030007703,-100,-100
0.030007703,-100,-100
0.030007703,-100,-100
0.030007703,-100,-100
0.030007703,-100,-100
0.030007703,-100,-100
