pt_ms,pt_tf,ms_tf
8.562563e-05,-100,-100
7.909508e-05,-100,-100
0.00013053358,-100,-100
0.00015430544,-100,-100
0.00017249891,-100,-100
3.3500168e-05,-100,-100
3.0483548e-05,-100,-100
3.048355e-05,-100,-100
3.0483536e-05,-100,-100
3.0483545e-05,-100,-100
3.048354e-05,-100,-100
3.0483548e-05,-100,-100
3.0483543e-05,-100,-100
3.0483545e-05,-100,-100
3.0483558e-05,-100,-100
3.048355e-05,-100,-100
3.0483548e-05,-100,-100
3.0483556e-05,-100,-100
3.0483543e-05,-100,-100
3.048355e-05,-100,-100
