pt_ms,pt_tf,ms_tf
6.005621e-05,-100,-100
6.202536e-05,-100,-100
6.255949e-05,-100,-100
6.799848e-05,-100,-100
0.00010814823,-100,-100
0.00010774368,-100,-100
0.00010774366,-100,-100
0.00010774366,-100,-100
0.000107743675,-100,-100
0.000107743654,-100,-100
0.000107743675,-100,-100
0.000107743675,-100,-100
0.00010774364,-100,-100
0.00010774368,-100,-100
0.00010774364,-100,-100
0.00010774369,-100,-100
0.00010774366,-100,-100
0.00010774366,-100,-100
0.000107743675,-100,-100
0.00010774366,-100,-100
