pt_ms,pt_tf,ms_tf
2.5942152,-100,-100
2.4894638,-100,-100
3.0259213,-100,-100
3.466098,-100,-100
7.525735,-100,-100
8.8303585,-100,-100
8.8303585,-100,-100
8.8303585,-100,-100
8.8303585,-100,-100
8.8303585,-100,-100
8.8303585,-100,-100
8.8303585,-100,-100
8.8303585,-100,-100
8.8303585,-100,-100
8.8303585,-100,-100
8.8303585,-100,-100
8.8303585,-100,-100
8.8303585,-100,-100
8.8303585,-100,-100
8.8303585,-100,-100
