pt_ms,pt_tf,ms_tf
0.13114744,-100,-100
0.13114744,-100,-100
0.13114744,-100,-100
0.13114744,-100,-100
0.13114744,-100,-100
0.13114744,-100,-100
0.13114744,-100,-100
0.13114744,-100,-100
0.13114744,-100,-100
0.13114744,-100,-100
0.13114744,-100,-100
0.13114744,-100,-100
0.13114744,-100,-100
0.13114744,-100,-100
0.13114744,-100,-100
0.13114744,-100,-100
0.13114744,-100,-100
0.13114744,-100,-100
0.13114744,-100,-100
0.13114744,-100,-100
