mstorch_pt_ms,mstorch_pt_tf,mstorch_ms_tf,mstorch_lasttwo_dist,ms_distance,torch_distance,if_success
0.00023176326,0.0003334986,0.0005494749,0.00038852217,0.7157527,2.1639605,True
0.00010160963,6.9767775e-05,0.00010241818,0.00028991693,1.9413528,1.9418933,True
0.00013463038,0.00022668332,0.00012912673,0.00029645718,2.1031978,2.1037767,True
0.000118998556,8.6448665e-05,9.4198695e-05,0.0002842846,2.1402855,2.1408753,True
0.00010817495,1.7698856e-05,0.00010320172,0.00024134577,2.1481915,2.1487808,True
0.00010817495,1.7698856e-05,0.00010320172,0.00024134577,2.163357,2.1639605,True
0.00010817495,1.7698856e-05,0.00010320172,0.00024134577,2.163357,2.1639605,True
0.00010817495,6.610901e-05,6.726384e-05,0.00024134577,2.163357,2.1639605,True
0.00010817495,6.610901e-05,6.726384e-05,0.00024134577,2.163357,2.1639605,True
0.00010817495,1.7698856e-05,0.00010320172,0.00024134577,2.163357,2.1639605,True
0.00010817495,1.7698856e-05,0.00010320172,0.00024134577,2.163357,2.1639605,True
0.00010817495,6.610901e-05,6.726384e-05,0.00024134577,2.163357,2.1639605,True
0.00010817495,1.7698856e-05,0.00010320172,0.00024134577,2.163357,2.1639605,True
0.00010817495,0.0001609325,7.690488e-05,0.00024134577,2.163357,2.1639605,True
0.00010817495,6.610901e-05,6.726384e-05,0.00024134577,2.163357,2.1639605,True
0.00010817495,6.610901e-05,6.726384e-05,0.00024134577,2.163357,2.1639605,True
0.00010817495,1.7698856e-05,0.00010320172,0.00024134577,2.163357,2.1639605,True
0.00010817495,6.610901e-05,6.726384e-05,0.00024134577,2.163357,2.1639605,True
0.00010817495,6.610901e-05,6.726384e-05,0.00024134577,2.163357,2.1639605,True
0.00010817495,1.7698856e-05,0.00010320172,0.00024134577,2.163357,2.1639605,True
