pt_ms,pt_tf,ms_tf
0.91805017,-100,-100
0.91805017,-100,-100
0.91805017,-100,-100
0.91805017,-100,-100
0.91805017,-100,-100
0.91805017,-100,-100
0.91805017,-100,-100
0.91805017,-100,-100
0.91805017,-100,-100
0.91805017,-100,-100
0.91805017,-100,-100
0.91805017,-100,-100
0.91805017,-100,-100
0.91805017,-100,-100
0.91805017,-100,-100
0.91805017,-100,-100
0.91805017,-100,-100
0.91805017,-100,-100
0.91805017,-100,-100
0.91805017,-100,-100
