pt_ms,pt_tf,ms_tf
7.116196e-05,-100,-100
7.329547e-05,-100,-100
0.00014079935,-100,-100
0.00013025751,-100,-100
0.00014165365,-100,-100
0.00013812001,-100,-100
3.0973806e-05,-100,-100
3.0973802e-05,-100,-100
3.0973806e-05,-100,-100
3.0973802e-05,-100,-100
3.0973813e-05,-100,-100
3.0973813e-05,-100,-100
3.0973806e-05,-100,-100
3.0973806e-05,-100,-100
3.0973817e-05,-100,-100
3.097382e-05,-100,-100
3.0973802e-05,-100,-100
3.0973802e-05,-100,-100
3.0973817e-05,-100,-100
3.0973802e-05,-100,-100
