pt_ms,pt_tf,ms_tf
6.0695413e-05,-100,-100
8.247474e-05,-100,-100
8.638643e-05,-100,-100
8.798271e-05,-100,-100
8.468837e-05,-100,-100
0.0001255188,-100,-100
0.00012551877,-100,-100
0.00012551872,-100,-100
0.00012551875,-100,-100
0.00012551878,-100,-100
0.0001255188,-100,-100
0.00012551875,-100,-100
0.00012551877,-100,-100
0.00012551875,-100,-100
0.00012551878,-100,-100
0.00012551877,-100,-100
0.0001255188,-100,-100
0.00012551872,-100,-100
0.00012551877,-100,-100
0.00012551875,-100,-100
