pt_ms,pt_tf,ms_tf
0.82923996,-100,-100
0.12097439,-100,-100
0.12097439,-100,-100
0.12097439,-100,-100
0.12097439,-100,-100
0.12097439,-100,-100
0.12097439,-100,-100
0.12097439,-100,-100
0.12097439,-100,-100
0.12097439,-100,-100
0.12097439,-100,-100
0.12097439,-100,-100
0.12097439,-100,-100
0.12097439,-100,-100
0.12097439,-100,-100
0.12097439,-100,-100
0.12097439,-100,-100
0.12097439,-100,-100
0.12097439,-100,-100
0.12097439,-100,-100
