pt_ms,pt_tf,ms_tf
0.7947617,-100,-100
0.7947617,-100,-100
0.7947617,-100,-100
0.7947617,-100,-100
0.7947617,-100,-100
1.3558114,-100,-100
2.0720568,-100,-100
4.297922,-100,-100
4.344522,-100,-100
4.344522,-100,-100
4.344522,-100,-100
7.7618475,-100,-100
7.7618475,-100,-100
11.260241,-100,-100
11.260241,-100,-100
11.260241,-100,-100
11.260241,-100,-100
11.260241,-100,-100
11.260241,-100,-100
11.260241,-100,-100
