pt_ms,pt_tf,ms_tf
0.0774003,-100,-100
0.0774003,-100,-100
0.08185846,-100,-100
0.08185846,-100,-100
0.07872952,-100,-100
0.07872952,-100,-100
0.49841496,-100,-100
0.44423106,-100,-100
0.44423106,-100,-100
0.6314033,-100,-100
