pt_ms,pt_tf,ms_tf
9.714788e-05,-100,-100
0.00019438386,-100,-100
0.00032337915,-100,-100
0.002321195,-100,-100
0.02034575,-100,-100
0.10109948,-100,-100
0.042515177,-100,-100
9.553514,-100,-100
19.912973,-100,-100
6377.1772,-100,-100
376851.16,-100,-100
1585195.4,-100,-100
20237514.0,-100,-100
38834020.0,-100,-100
82150860.0,-100,-100
82150860.0,-100,-100
82150860.0,-100,-100
82150860.0,-100,-100
82150860.0,-100,-100
82150860.0,-100,-100
