pt_ms,pt_tf,ms_tf
0.0003784659,-100,-100
0.00017693055,-100,-100
0.00013408902,-100,-100
0.00013324212,-100,-100
0.000100516256,-100,-100
0.00010424222,-100,-100
0.00010424222,-100,-100
0.000104020095,-100,-100
9.318204e-05,-100,-100
9.318204e-05,-100,-100
9.318204e-05,-100,-100
9.630856e-05,-100,-100
9.629164e-05,-100,-100
7.485759e-05,-100,-100
7.485759e-05,-100,-100
7.485759e-05,-100,-100
7.485759e-05,-100,-100
7.1223374e-05,-100,-100
6.700956e-05,-100,-100
6.700956e-05,-100,-100
