pt_ms,pt_tf,ms_tf
7.2767965e-05,-100,-100
8.236765e-05,-100,-100
8.45948e-05,-100,-100
6.6002045e-05,-100,-100
1.4035421e-05,-100,-100
1.5924157e-05,-100,-100
1.5958827e-05,-100,-100
2.607373e-05,-100,-100
2.6142015e-05,-100,-100
2.859803e-05,-100,-100
2.8929217e-05,-100,-100
2.5026842e-05,-100,-100
2.5026842e-05,-100,-100
2.502684e-05,-100,-100
2.5026846e-05,-100,-100
2.5026846e-05,-100,-100
2.5026842e-05,-100,-100
2.502684e-05,-100,-100
2.5026837e-05,-100,-100
2.5026853e-05,-100,-100
