pt_ms,pt_tf,ms_tf
1.0138003,-100,-100
1.0138003,-100,-100
1.0138003,-100,-100
1.1488127,-100,-100
1.1488127,-100,-100
0.13204558,-100,-100
0.063155845,-100,-100
0.12140489,-100,-100
0.5304417,-100,-100
0.22198832,-100,-100
0.06704947,-100,-100
0.37438843,-100,-100
0.5001363,-100,-100
0.5001363,-100,-100
1.1310191,-100,-100
1.5107864,-100,-100
1.5107864,-100,-100
1.5107864,-100,-100
1.5107864,-100,-100
1.5107864,-100,-100
