pt_ms,pt_tf,ms_tf
0.23373637,-100,-100
0.23373637,-100,-100
0.23373637,-100,-100
0.23373637,-100,-100
0.23373637,-100,-100
0.23373637,-100,-100
0.23373637,-100,-100
0.23373637,-100,-100
0.23373637,-100,-100
0.23373637,-100,-100
0.23373637,-100,-100
0.23373637,-100,-100
0.23373637,-100,-100
0.23373637,-100,-100
0.23373637,-100,-100
0.23373637,-100,-100
0.23373637,-100,-100
0.23373637,-100,-100
0.23373637,-100,-100
0.23373637,-100,-100
