pt_ms,pt_tf,ms_tf
0.06762599,-100,-100
0.038369868,-100,-100
0.053016987,-100,-100
0.05369833,-100,-100
0.05369833,-100,-100
0.05369833,-100,-100
0.05369833,-100,-100
0.05369833,-100,-100
0.05369833,-100,-100
60.461315,-100,-100
