pt_ms,pt_tf,ms_tf
3.054221e-07,-100.0,-100.0
0.0067798276,0.006779792252928,2.930659661615209e-07
0.0068689208,0.0001222669670823,0.0067765177227556
0.0068689208,5.545188741962193e-06,0.0068664075806736
1752671.4,2530512.25,821636.6875
1752671.4,12312.2802734375,1756590.5
1752671.4,8121.2001953125,1758325.75
16103749.0,4852441.5,17335516.0
1.4929866e+17,3.164183796593459e+16,1.5103286856122368e+17
2.5729663e+17,6.059513807372288e+16,2.490677132955484e+17
