pt_ms,pt_tf,ms_tf
1.1445649,-100,-100
175.0666,-100,-100
820.01843,-100,-100
1003782.94,-100,-100
18690520.0,-100,-100
10547.473,-100,-100
21247377000000.0,-100,-100
21247457000000.0,-100,-100
100093.06,-100,-100
130260.36,-100,-100
119358.375,-100,-100
275806.2,-100,-100
279535.4,-100,-100
276155.44,-100,-100
276115.16,-100,-100
950.64124,-100,-100
939.3851,-100,-100
964.0516,-100,-100
947.83575,-100,-100
1529.4601,-100,-100
