pt_ms,pt_tf,ms_tf
0.14218898,-100,-100
0.06131425,-100,-100
8.018589e-05,-100,-100
8.830002e-05,-100,-100
0.000116940915,-100,-100
0.000116940915,-100,-100
0.00041446852,-100,-100
0.031109363,-100,-100
0.031109363,-100,-100
0.031109363,-100,-100
0.95245415,-100,-100
10.914619,-100,-100
26.364128,-100,-100
24.81263,-100,-100
24.812603,-100,-100
5665.0977,-100,-100
6349.1377,-100,-100
6349.1377,-100,-100
6351.388,-100,-100
6351.388,-100,-100
