pt_ms,pt_tf,ms_tf
2.3993946e-06,-100,-100
0.00034710666,-100,-100
2.5926669,-100,-100
2.5929146,-100,-100
2.722807,-100,-100
2.7667675,-100,-100
3.3559203,-100,-100
67.150566,-100,-100
5597.352,-100,-100
111947.42,-100,-100
3491833.2,-100,-100
3493859.8,-100,-100
558710600.0,-100,-100
22347524000.0,-100,-100
22347524000.0,-100,-100
3480229500000.0,-100,-100
3480229500000.0,-100,-100
139208540000000.0,-100,-100
4.2157642e+16,-100,-100
8.633873e+19,-100,-100
