pt_ms,pt_tf,ms_tf
9.146131e-05,-100,-100
0.39316562,-100,-100
0.39015558,-100,-100
0.38011682,-100,-100
0.37954992,-100,-100
0.5061831,-100,-100
0.5290958,-100,-100
0.5885758,-100,-100
0.6023809,-100,-100
0.60238034,-100,-100
0.60106385,-100,-100
0.5877508,-100,-100
0.5582751,-100,-100
0.5119237,-100,-100
0.51441574,-100,-100
0.51415116,-100,-100
0.5172402,-100,-100
0.51724076,-100,-100
0.52789855,-100,-100
0.52824455,-100,-100
