pt_ms,pt_tf,ms_tf
0.00033581257,-100,-100
0.00033581257,-100,-100
0.00033581257,-100,-100
0.00033581257,-100,-100
7.6682816,-100,-100
7.6682816,-100,-100
7.6682816,-100,-100
2219.996,-100,-100
117142.445,-100,-100
117142.445,-100,-100
