pt_ms,pt_tf,ms_tf
1.0678536,-100,-100
0.99230385,-100,-100
8.487701e-06,-100,-100
21.270649,-100,-100
21.270649,-100,-100
21.270649,-100,-100
21.270649,-100,-100
21.270649,-100,-100
87.98264,-100,-100
87.98264,-100,-100
87.98264,-100,-100
87.98264,-100,-100
87.98264,-100,-100
87.98264,-100,-100
87.98264,-100,-100
87.98264,-100,-100
87.98264,-100,-100
8.487701e-06,-100,-100
8.487701e-06,-100,-100
8.487701e-06,-100,-100
