pt_ms,pt_tf,ms_tf
0.5322384,-100,-100
9.6286125,-100,-100
328.35,-100,-100
14578.077,-100,-100
13990.628,-100,-100
170451.3,-100,-100
2133826.8,-100,-100
1921052.1,-100,-100
3423087.0,-100,-100
805032500.0,-100,-100
