pt_ms,pt_tf,ms_tf
0.0014325806,-100.0,-100.0
0.0015489943,0.9152175784111024,0.9149940609931946
0.9064268,1409.97119140625,1409.36376953125
1.2977568,1753.582275390625,1753.7196044921875
1.1131786,1227.528564453125,1226.98828125
0.8961059,389.535888671875,389.6995544433594
84.57026,125701.453125,125646.96875
0.8961059,125691.609375,125691.6875
2.5166395,1179.6348876953125,1177.7283935546875
929.1416,832775.25,831955.4375
