pt_ms,pt_tf,ms_tf
6.711738e-05,-100,-100
0.0008151697,-100,-100
0.001419063,-100,-100
0.003445192,-100,-100
0.0031083059,-100,-100
0.025290353,-100,-100
0.06774873,-100,-100
0.031257637,-100,-100
0.08373725,-100,-100
0.334081,-100,-100
0.073119275,-100,-100
0.08678141,-100,-100
0.037645165,-100,-100
0.12847877,-100,-100
0.02049689,-100,-100
0.037983898,-100,-100
0.0019298227,-100,-100
0.0574546,-100,-100
0.10945304,-100,-100
0.1076157,-100,-100
