pt_ms,pt_tf,ms_tf
0.00025530913,-100,-100
0.00010736909,-100,-100
0.00012973395,-100,-100
0.00028359419,-100,-100
8.370092e-05,-100,-100
0.015588543,-100,-100
0.00022225246,-100,-100
0.00020398544,-100,-100
3.6984824e-05,-100,-100
6.04687e-05,-100,-100
0.00022153131,-100,-100
6.760213e-05,-100,-100
0.00020439361,-100,-100
0.00020242193,-100,-100
2.4687832e-05,-100,-100
2.365868e-05,-100,-100
2.6415122e-05,-100,-100
3.2998392e-05,-100,-100
2.3512708e-05,-100,-100
0.0023342536,-100,-100
