pt_ms,pt_tf,ms_tf
0.0001207441,-100,-100
0.00014931295,-100,-100
0.000112291345,-100,-100
0.000112291345,-100,-100
0.00011655984,-100,-100
0.00019342615,-100,-100
0.00016164994,-100,-100
8.966594e-05,-100,-100
7.86669e-05,-100,-100
5.8300593e-05,-100,-100
5.774477e-05,-100,-100
5.1689345e-05,-100,-100
6.799984e-05,-100,-100
5.3948388e-05,-100,-100
0.000115086805,-100,-100
6.6925706e-05,-100,-100
7.0689915e-05,-100,-100
6.1595e-05,-100,-100
6.1594976e-05,-100,-100
6.363564e-05,-100,-100
