pt_ms,pt_tf,ms_tf
1.0319613,-100,-100
1.0163287,-100,-100
1.3005595,-100,-100
0.98428136,-100,-100
1.0670362,-100,-100
1.0670362,-100,-100
1.0670362,-100,-100
1.3257638,-100,-100
1.3257638,-100,-100
1.0670362,-100,-100
1.3257638,-100,-100
1.3257638,-100,-100
1.3257638,-100,-100
1.4838917,-100,-100
0.79572576,-100,-100
1.1712178,-100,-100
5.0923114,-100,-100
5.0584655,-100,-100
5.0584655,-100,-100
5.0584655,-100,-100
