pt_ms,pt_tf,ms_tf
0.070812285,-100,-100
0.071008764,-100,-100
0.070686206,-100,-100
0.0682872,-100,-100
0.07245703,-100,-100
0.06978127,-100,-100
0.06917771,-100,-100
0.06881123,-100,-100
0.0683701,-100,-100
0.06751585,-100,-100
0.067197725,-100,-100
0.087596476,-100,-100
0.112638324,-100,-100
0.16029702,-100,-100
0.15871778,-100,-100
0.15857762,-100,-100
0.15074721,-100,-100
0.14949594,-100,-100
0.100517265,-100,-100
0.10184041,-100,-100
