pt_ms,pt_tf,ms_tf
6.522292e-05,-100,-100
5.8903468e-05,-100,-100
0.00010058058,-100,-100
0.000105015555,-100,-100
0.0001075219,-100,-100
0.00010341737,-100,-100
0.00010171072,-100,-100
0.00010315043,-100,-100
0.00010576575,-100,-100
8.685366e-05,-100,-100
8.909846e-05,-100,-100
8.659633e-05,-100,-100
6.920109e-05,-100,-100
4.89118e-05,-100,-100
4.721562e-05,-100,-100
4.458991e-05,-100,-100
4.8892365e-05,-100,-100
4.7454716e-05,-100,-100
5.3019667e-05,-100,-100
4.409342e-05,-100,-100
