pt_ms,pt_tf,ms_tf
0.000297264,-100,-100
0.00021416301,-100,-100
0.00012293544,-100,-100
0.00013096568,-100,-100
0.0002196652,-100,-100
0.0002082477,-100,-100
0.00018543923,-100,-100
0.00018854083,-100,-100
0.00017739598,-100,-100
0.00018562523,-100,-100
0.00020093756,-100,-100
0.00020708605,-100,-100
0.00019466573,-100,-100
0.00029277682,-100,-100
0.00031783423,-100,-100
0.00034767567,-100,-100
0.00029564727,-100,-100
0.00024545263,-100,-100
0.0003467632,-100,-100
0.0004120098,-100,-100
