pt_ms,pt_tf,ms_tf
2.3993946e-06,-100,-100
2.3993946e-06,-100,-100
2.3993946e-06,-100,-100
2.3993946e-06,-100,-100
2.3993946e-06,-100,-100
2.3164132e-06,-100,-100
2.3164132e-06,-100,-100
2.3190444e-06,-100,-100
2.3190444e-06,-100,-100
2.3683722e-06,-100,-100
2.3683722e-06,-100,-100
2.346632e-06,-100,-100
2.346632e-06,-100,-100
2.3466318e-06,-100,-100
2.3466318e-06,-100,-100
2.379988e-06,-100,-100
2.379988e-06,-100,-100
2.379988e-06,-100,-100
2.379988e-06,-100,-100
2.5718255e-06,-100,-100
