pt_ms,pt_tf,ms_tf
5.9723367e-05,-100,-100
8.206335e-05,-100,-100
7.375484e-05,-100,-100
7.246434e-05,-100,-100
7.861968e-05,-100,-100
7.109525e-05,-100,-100
6.0786293e-05,-100,-100
7.263112e-05,-100,-100
7.15185e-05,-100,-100
7.598826e-05,-100,-100
5.94245e-05,-100,-100
6.544469e-05,-100,-100
8.109288e-05,-100,-100
9.621746e-05,-100,-100
5.487888e-05,-100,-100
5.4434313e-05,-100,-100
5.1220944e-05,-100,-100
6.195217e-05,-100,-100
5.325273e-05,-100,-100
7.416625e-05,-100,-100
