pt_ms,pt_tf,ms_tf
0.00031912327,-100,-100
0.0003193617,-100,-100
0.00031983852,-100,-100
0.00031971931,-100,-100
0.00031995773,-100,-100
0.00030088425,-100,-100
0.00031924248,-100,-100
0.00030136108,-100,-100
0.00031924248,-100,-100
0.00031924248,-100,-100
0.00030136108,-100,-100
0.00031971931,-100,-100
0.00030088425,-100,-100
0.0003194809,-100,-100
0.0003194809,-100,-100
0.00030088425,-100,-100
0.00030100346,-100,-100
0.00031924248,-100,-100
0.0003194809,-100,-100
0.00030088425,-100,-100
