pt_ms,pt_tf,ms_tf
1.0342621,-100,-100
1.017871,-100,-100
1.0099652,-100,-100
0.9481984,-100,-100
0.94555646,-100,-100
0.92153,-100,-100
0.8823561,-100,-100
0.887652,-100,-100
0.91012305,-100,-100
0.91717535,-100,-100
0.9307797,-100,-100
0.92873335,-100,-100
0.82341367,-100,-100
0.8171547,-100,-100
0.82130206,-100,-100
0.8215517,-100,-100
0.85501397,-100,-100
0.8712727,-100,-100
0.8125594,-100,-100
0.8643742,-100,-100
