pt_ms,pt_tf,ms_tf
0.22973736,-100,-100
0.22652158,-100,-100
0.22514276,-100,-100
0.22267923,-100,-100
0.23374805,-100,-100
0.23790678,-100,-100
0.24276349,-100,-100
0.25529057,-100,-100
0.26046944,-100,-100
0.25680774,-100,-100
0.2500564,-100,-100
0.24853119,-100,-100
0.25411442,-100,-100
0.2536923,-100,-100
0.26120156,-100,-100
0.25889066,-100,-100
0.25031078,-100,-100
0.26198927,-100,-100
0.2721355,-100,-100
0.28948307,-100,-100
