pt_ms,pt_tf,ms_tf
6.225492e-05,-100,-100
7.789106e-05,-100,-100
9.4954084e-05,-100,-100
7.467277e-05,-100,-100
6.309786e-05,-100,-100
6.2817155e-05,-100,-100
7.228612e-05,-100,-100
6.039263e-05,-100,-100
6.3961874e-05,-100,-100
6.433362e-05,-100,-100
5.937005e-05,-100,-100
6.707628e-05,-100,-100
7.613804e-05,-100,-100
6.361208e-05,-100,-100
5.8400416e-05,-100,-100
9.454937e-05,-100,-100
5.578841e-05,-100,-100
5.8159876e-05,-100,-100
6.128025e-05,-100,-100
7.115938e-05,-100,-100
