pt_ms,pt_tf,ms_tf
0.0003516674,-100,-100
0.0003786087,-100,-100
0.00029683113,-100,-100
0.00030195713,-100,-100
0.00020623207,-100,-100
7.557869e-05,-100,-100
7.164478e-05,-100,-100
7.069111e-05,-100,-100
7.510185e-05,-100,-100
8.070469e-05,-100,-100
1.9907951e-05,-100,-100
4.0888786e-05,-100,-100
3.0875206e-05,-100,-100
5.6743622e-05,-100,-100
0.0001193285,-100,-100
0.00024306774,-100,-100
0.00021672249,-100,-100
0.00033330917,-100,-100
0.00032186508,-100,-100
0.0002092123,-100,-100
