pt_ms,pt_tf,ms_tf
1.0819718,-100,-100
1.079018,-100,-100
1.1115441,-100,-100
1.1161758,-100,-100
1.0546061,-100,-100
1.0382564,-100,-100
1.0394553,-100,-100
1.033015,-100,-100
1.0450375,-100,-100
1.0084155,-100,-100
1.0130033,-100,-100
1.014759,-100,-100
1.0119655,-100,-100
1.010307,-100,-100
1.0073913,-100,-100
1.0054086,-100,-100
1.0163342,-100,-100
1.0263256,-100,-100
1.0332029,-100,-100
1.03418,-100,-100
