pt_ms,pt_tf,ms_tf
0.3335877,-100,-100
0.4033933,-100,-100
0.49832898,-100,-100
0.53781027,-100,-100
0.53781027,-100,-100
0.53781027,-100,-100
0.53781027,-100,-100
0.53781027,-100,-100
0.53781027,-100,-100
0.53781027,-100,-100
