pt_ms,pt_tf,ms_tf
0.2620445,-100,-100
0.18897304,-100,-100
0.20316799,-100,-100
0.20030074,-100,-100
0.19982843,-100,-100
0.1881487,-100,-100
0.3076195,-100,-100
1.5174183,-100,-100
4.6788154,-100,-100
21.010578,-100,-100
