pt_ms,pt_tf,ms_tf
8.731524e-06,4.6764535e-06,7.660991e-06
9.534118e-05,9.940698e-05,0.000102380174
0.0026351213,0.0022155992,0.0021539505
0.012300469,0.009929007,0.011637763
0.6538282,0.64930904,0.36251092
0.17953347,0.1903032,0.22919488
0.17953347,0.1902205,0.22923367
0.17953347,0.19000483,0.22893701
0.17953347,0.19000483,0.22893701
0.17953347,0.19312511,0.2308315
