pt_ms,pt_tf,ms_tf
1.8447158e-06,7.959593e-07,1.6118632e-06
0.029101089,0.041490227,0.026753632
215509.25,170792.08,117790.48
1082123900.0,1127077200.0,579215170.0
1082123900.0,1127077200.0,579215170.0
1082123900.0,1127077200.0,579215170.0
1082123900.0,1191994400.0,633923900.0
1082123900.0,1127077200.0,579215170.0
1082123900.0,1127077200.0,579215170.0
1082123900.0,1127077200.0,579215170.0
