pt_ms,pt_tf,ms_tf
0.00010778618,-100,-100
9.737723e-05,-100,-100
8.181439e-05,-100,-100
6.651894e-05,-100,-100
8.634054e-05,-100,-100
0.00011533554,-100,-100
9.669433e-05,-100,-100
9.3390394e-05,-100,-100
8.172441e-05,-100,-100
0.18557867,-100,-100
