pt_ms,pt_tf,ms_tf
7.656112e-05,-100,-100
5.638371e-05,-100,-100
8.063992e-05,-100,-100
7.0427195e-05,-100,-100
7.036574e-05,-100,-100
0.00011996071,-100,-100
7.7955774e-05,-100,-100
7.8375364e-05,-100,-100
6.7279136e-05,-100,-100
6.727915e-05,-100,-100
