pt_ms,pt_tf,ms_tf
3.3581033,-100,-100
5.0954204,-100,-100
5.0954204,-100,-100
5.0954204,-100,-100
5.0954204,-100,-100
5.0954204,-100,-100
5.0954204,-100,-100
5.0954204,-100,-100
5.0954204,-100,-100
5.0954204,-100,-100
