pt_ms,pt_tf,ms_tf
5.3860545,-100,-100
13.897592,-100,-100
10.789831,-100,-100
8.213558,-100,-100
9.085638,-100,-100
46.36785,-100,-100
275.47052,-100,-100
232.28894,-100,-100
529.8567,-100,-100
577.224,-100,-100
