pt_ms,pt_tf,ms_tf
3.3074963e-07,-100,-100
1.3092496e-06,-100,-100
3.8844087e-07,-100,-100
1.2484795e-06,-100,-100
2.2726135e-07,-100,-100
2.3270914e-07,-100,-100
2.4776953e-06,-100,-100
3.8619282e-06,-100,-100
2.0534162e-06,-100,-100
4.9653727e-06,-100,-100
1.9571016e-06,-100,-100
4.979723e-07,-100,-100
1.7175859e-06,-100,-100
5.71341e-07,-100,-100
4.102635e-06,-100,-100
5.1270257e-07,-100,-100
1.3394084e-06,-100,-100
7.557549e-06,-100,-100
8.0060244e-07,-100,-100
4.615742e-07,-100,-100
