pt_ms,pt_tf,ms_tf
0.90046823,-100,-100
0.89410555,-100,-100
0.9045983,-100,-100
0.8489279,-100,-100
0.8836254,-100,-100
0.85792243,-100,-100
0.8291417,-100,-100
0.846224,-100,-100
0.82737625,-100,-100
0.8550541,-100,-100
0.8283293,-100,-100
0.8122208,-100,-100
0.83173645,-100,-100
0.83810914,-100,-100
0.7789126,-100,-100
0.8006211,-100,-100
0.8040466,-100,-100
0.8486457,-100,-100
0.84556603,-100,-100
0.8467476,-100,-100
