pt_ms,pt_tf,ms_tf
0.2545673,-100,-100
0.18253374,-100,-100
0.15858264,-100,-100
0.13436724,-100,-100
0.12780336,-100,-100
0.11994925,-100,-100
0.120104,-100,-100
0.11869192,-100,-100
0.10688675,-100,-100
0.11103548,-100,-100
0.107466176,-100,-100
0.10830487,-100,-100
0.1109006,-100,-100
0.111542575,-100,-100
0.10938485,-100,-100
0.11297654,-100,-100
0.113308206,-100,-100
0.120936215,-100,-100
0.1156296,-100,-100
0.1144711,-100,-100
