pt_ms,pt_tf,ms_tf
0.18942407,-100,-100
0.1913434,-100,-100
0.22667135,-100,-100
0.1984403,-100,-100
0.19683453,-100,-100
0.1608924,-100,-100
0.15125826,-100,-100
0.22290587,-100,-100
0.18623252,-100,-100
0.19398229,-100,-100
0.23258325,-100,-100
0.20141792,-100,-100
0.2379423,-100,-100
0.19617596,-100,-100
0.22839847,-100,-100
0.18789135,-100,-100
0.23937273,-100,-100
0.2125247,-100,-100
0.19430713,-100,-100
0.20750092,-100,-100
