pt_ms,pt_tf,ms_tf
6.898565e-05,-100,-100
4.831953e-05,-100,-100
4.3901953e-05,-100,-100
3.0050793e-05,-100,-100
5.6917303e-05,-100,-100
2.7942806e-05,-100,-100
2.4159903e-05,-100,-100
5.71351e-06,-100,-100
1.7661914e-05,-100,-100
2.025754e-05,-100,-100
5.0827734e-06,-100,-100
7.4839486e-06,-100,-100
3.820489e-06,-100,-100
7.1167697e-06,-100,-100
3.0966726e-06,-100,-100
3.815087e-06,-100,-100
1.4832041e-06,-100,-100
1.9876554e-06,-100,-100
1.8115225e-06,-100,-100
3.4250886e-06,-100,-100
