pt_ms,pt_tf,ms_tf
7.64882e-05,-100,-100
7.303335e-05,-100,-100
6.845272e-05,-100,-100
5.1537372e-05,-100,-100
2.504981e-05,-100,-100
2.3462908e-05,-100,-100
2.294668e-05,-100,-100
2.1162272e-05,-100,-100
2.317926e-05,-100,-100
2.2481208e-05,-100,-100
1.6791539e-05,-100,-100
1.7397579e-05,-100,-100
1.658303e-05,-100,-100
1.6743346e-05,-100,-100
1.643145e-05,-100,-100
1.6378759e-05,-100,-100
1.4734915e-05,-100,-100
1.322818e-05,-100,-100
1.2876194e-05,-100,-100
1.3426564e-05,-100,-100
