pt_ms,pt_tf,ms_tf
0.2805364,-100,-100
0.07825609,-100,-100
0.02612528,-100,-100
0.022010468,-100,-100
0.02434803,-100,-100
0.020760238,-100,-100
0.01738992,-100,-100
0.01479828,-100,-100
0.01201759,-100,-100
0.013882399,-100,-100
0.0152167985,-100,-100
0.008499925,-100,-100
0.00789047,-100,-100
0.012246487,-100,-100
0.013615625,-100,-100
0.01336376,-100,-100
0.015231712,-100,-100
0.011637203,-100,-100
0.010431068,-100,-100
0.0110511305,-100,-100
