pt_ms,pt_tf,ms_tf
0.7913285,-100,-100
0.54258657,-100,-100
0.31364083,-100,-100
0.18883254,-100,-100
0.18883254,-100,-100
0.29987428,-100,-100
0.29987428,-100,-100
0.29987428,-100,-100
0.2196713,-100,-100
0.30687156,-100,-100
0.30687156,-100,-100
0.30393085,-100,-100
0.30333114,-100,-100
0.30209443,-100,-100
0.21977001,-100,-100
0.21962784,-100,-100
0.25604784,-100,-100
0.15368967,-100,-100
0.15985997,-100,-100
0.15985997,-100,-100
